Well,Target,Sample,Cq,File,Exp,,source_file,Well,Fluor,Target,Sample,Cq,Exp
A01,RPS9_PTC+,siNC,18.97,R1Q1,NMDtargets,,1,A01,SYBR,ACTB,HEK_DMSO_1,15.24204994,ncEJCtargets
A02,RPS9_PTC+,siNC,19.03,R1Q1,NMDtargets,,1,A02,SYBR,ACTB,HEK_DMSO_1,15.15735566,ncEJCtargets
A03,RPS9_PTC+,siNC,18.74,R1Q1,NMDtargets,,1,A03,SYBR,ACTB,HEK_DMSO_1,15.23052829,ncEJCtargets
A04,RPS9_PTC+,si eIF4A3,19.79,R1Q1,NMDtargets,,1,A04,SYBR,SRSF3_NOR,HEK_DMSO_1,20.01991994,ncEJCtargets
A05,RPS9_PTC+,si eIF4A3,19.92,R1Q1,NMDtargets,,1,A05,SYBR,SRSF3_NOR,HEK_DMSO_1,19.26274624,ncEJCtargets
A06,RPS9_PTC+,si eIF4A3,19.37,R1Q1,NMDtargets,,1,A06,SYBR,SRSF3_NOR,HEK_DMSO_1,19.88059692,ncEJCtargets
A07,RPS9_PTC+,si PYM1,18.84,R1Q1,NMDtargets,,1,A07,SYBR,SRSF3_PTC,HEK_DMSO_1,20.56578654,ncEJCtargets
A08,RPS9_PTC+,si PYM1,19.12,R1Q1,NMDtargets,,1,A08,SYBR,SRSF3_PTC,HEK_DMSO_1,20.88885448,ncEJCtargets
A09,RPS9_PTC+,si PYM1,18.99,R1Q1,NMDtargets,,1,A09,SYBR,SRSF3_PTC,HEK_DMSO_1,20.5115991,ncEJCtargets
B01,SRSF3_PTC+,siNC,24.11,R1Q1,NMDtargets,,1,A10,SYBR,BRD2,HEK_DMSO_1,16.89648815,ncEJCtargets
B02,SRSF3_PTC+,siNC,24.6,R1Q1,NMDtargets,,1,A11,SYBR,BRD2,HEK_DMSO_1,16.7611384,ncEJCtargets
B03,SRSF3_PTC+,siNC,24.59,R1Q1,NMDtargets,,1,A12,SYBR,BRD2,HEK_DMSO_1,16.840638,ncEJCtargets
B04,SRSF3_PTC+,si eIF4A3,24.02,R1Q1,NMDtargets,,1,B01,SYBR,ACTB,HEK_SMG1i_1,15.89610271,ncEJCtargets
B05,SRSF3_PTC+,si eIF4A3,24.42,R1Q1,NMDtargets,,1,B02,SYBR,ACTB,HEK_SMG1i_1,15.87770044,ncEJCtargets
B06,SRSF3_PTC+,si eIF4A3,24.5,R1Q1,NMDtargets,,1,B03,SYBR,ACTB,HEK_SMG1i_1,15.8941805,ncEJCtargets
B07,SRSF3_PTC+,si PYM1,26.12,R1Q1,NMDtargets,,1,B04,SYBR,SRSF3_NOR,HEK_SMG1i_1,20.0657071,ncEJCtargets
B08,SRSF3_PTC+,si PYM1,26.45,R1Q1,NMDtargets,,1,B05,SYBR,SRSF3_NOR,HEK_SMG1i_1,19.95262014,ncEJCtargets
B09,SRSF3_PTC+,si PYM1,26.31,R1Q1,NMDtargets,,1,B06,SYBR,SRSF3_NOR,HEK_SMG1i_1,19.84723299,ncEJCtargets
C01,SRSF2_PTC+,siNC,25.18,R1Q1,NMDtargets,,1,B07,SYBR,SRSF3_PTC,HEK_SMG1i_1,18.41580433,ncEJCtargets
C02,SRSF2_PTC+,siNC,25.87,R1Q1,NMDtargets,,1,B08,SYBR,SRSF3_PTC,HEK_SMG1i_1,18.34386752,ncEJCtargets
C03,SRSF2_PTC+,siNC,24.91,R1Q1,NMDtargets,,1,B09,SYBR,SRSF3_PTC,HEK_SMG1i_1,18.34386588,ncEJCtargets
C04,SRSF2_PTC+,si eIF4A3,23.61,R1Q1,NMDtargets,,1,B10,SYBR,BRD2,HEK_SMG1i_1,15.70825226,ncEJCtargets
C05,SRSF2_PTC+,si eIF4A3,23.93,R1Q1,NMDtargets,,1,B11,SYBR,BRD2,HEK_SMG1i_1,15.71398937,ncEJCtargets
C06,SRSF2_PTC+,si eIF4A3,24.24,R1Q1,NMDtargets,,1,B12,SYBR,BRD2,HEK_SMG1i_1,15.75867511,ncEJCtargets
C07,SRSF2_PTC+,si PYM1,26.42,R1Q1,NMDtargets,,1,C01,SYBR,ACTB,HEK_DMSO_2,14.96883911,ncEJCtargets
C08,SRSF2_PTC+,si PYM1,26.76,R1Q1,NMDtargets,,1,C02,SYBR,ACTB,HEK_DMSO_2,14.95017777,ncEJCtargets
C09,SRSF2_PTC+,si PYM1,26.88,R1Q1,NMDtargets,,1,C03,SYBR,ACTB,HEK_DMSO_2,14.88663009,ncEJCtargets
D01,GAPDH,siNC,15.87,R1Q1,NMDtargets,,1,C04,SYBR,SRSF3_NOR,HEK_DMSO_2,20.98963898,ncEJCtargets
D02,GAPDH,siNC,16.07,R1Q1,NMDtargets,,1,C05,SYBR,SRSF3_NOR,HEK_DMSO_2,20.97692978,ncEJCtargets
D03,GAPDH,siNC,16.1,R1Q1,NMDtargets,,1,C06,SYBR,SRSF3_NOR,HEK_DMSO_2,20.91804837,ncEJCtargets
D04,GAPDH,si eIF4A3,17.8,R1Q1,NMDtargets,,1,C07,SYBR,SRSF3_PTC,HEK_DMSO_2,21.87556197,ncEJCtargets
D05,GAPDH,si eIF4A3,16.85,R1Q1,NMDtargets,,1,C08,SYBR,SRSF3_PTC,HEK_DMSO_2,21.88286862,ncEJCtargets
D06,GAPDH,si eIF4A3,17.3,R1Q1,NMDtargets,,1,C09,SYBR,SRSF3_PTC,HEK_DMSO_2,21.68519457,ncEJCtargets
D07,GAPDH,si PYM1,17.44,R1Q1,NMDtargets,,1,C10,SYBR,BRD2,HEK_DMSO_2,18.50329865,ncEJCtargets
D08,GAPDH,si PYM1,18.29,R1Q1,NMDtargets,,1,C11,SYBR,BRD2,HEK_DMSO_2,18.58926173,ncEJCtargets
D09,GAPDH,si PYM1,18.72,R1Q1,NMDtargets,,1,C12,SYBR,BRD2,HEK_DMSO_2,18.5933712,ncEJCtargets
E01,TBP,siNC,21.59,R1Q1,NMDtargets,,1,D01,SYBR,ACTB,HEK_SMG1i_2,15.43625297,ncEJCtargets
E02,TBP,siNC,21.11,R1Q1,NMDtargets,,1,D02,SYBR,ACTB,HEK_SMG1i_2,15.32720458,ncEJCtargets
E03,TBP,siNC,21.7,R1Q1,NMDtargets,,1,D03,SYBR,ACTB,HEK_SMG1i_2,15.3023338,ncEJCtargets
E04,TBP,si eIF4A3,22.08,R1Q1,NMDtargets,,1,D04,SYBR,SRSF3_NOR,HEK_SMG1i_2,21.28408878,ncEJCtargets
E05,TBP,si eIF4A3,22.69,R1Q1,NMDtargets,,1,D05,SYBR,SRSF3_NOR,HEK_SMG1i_2,21.19752413,ncEJCtargets
E06,TBP,si eIF4A3,23.76,R1Q1,NMDtargets,,1,D06,SYBR,SRSF3_NOR,HEK_SMG1i_2,20.90699967,ncEJCtargets
E07,TBP,si PYM1,22.83,R1Q1,NMDtargets,,1,D07,SYBR,SRSF3_PTC,HEK_SMG1i_2,18.97896953,ncEJCtargets
E08,TBP,si PYM1,24.48,R1Q1,NMDtargets,,1,D08,SYBR,SRSF3_PTC,HEK_SMG1i_2,18.96169109,ncEJCtargets
E09,TBP,si PYM1,24.18,R1Q1,NMDtargets,,1,D09,SYBR,SRSF3_PTC,HEK_SMG1i_2,18.83913454,ncEJCtargets
F01,GAS5,siNC,16.48,R1Q1,NMDtargets,,1,D10,SYBR,BRD2,HEK_SMG1i_2,16.8701065,ncEJCtargets
F02,GAS5,siNC,16.08,R1Q1,NMDtargets,,1,D11,SYBR,BRD2,HEK_SMG1i_2,16.81603305,ncEJCtargets
F03,GAS5,siNC,16.9,R1Q1,NMDtargets,,1,D12,SYBR,BRD2,HEK_SMG1i_2,16.83603892,ncEJCtargets
F04,GAS5,si eIF4A3,16.89,R1Q1,NMDtargets,,1,E01,SYBR,ACTB,HEK_DMSO_3,15.59137906,ncEJCtargets
F05,GAS5,si eIF4A3,16.91,R1Q1,NMDtargets,,1,E02,SYBR,ACTB,HEK_DMSO_3,15.52410252,ncEJCtargets
F06,GAS5,si eIF4A3,16.91,R1Q1,NMDtargets,,1,E03,SYBR,ACTB,HEK_DMSO_3,15.57480139,ncEJCtargets
F07,GAS5,si PYM1,18.06,R1Q1,NMDtargets,,1,E04,SYBR,SRSF3_NOR,HEK_DMSO_3,20.05584171,ncEJCtargets
F08,GAS5,si PYM1,19.49,R1Q1,NMDtargets,,1,E05,SYBR,SRSF3_NOR,HEK_DMSO_3,20.05779726,ncEJCtargets
F09,GAS5,si PYM1,18.94,R1Q1,NMDtargets,,1,E06,SYBR,SRSF3_NOR,HEK_DMSO_3,19.7781803,ncEJCtargets
G01,ZFAS1,siNC,16.32,R1Q1,NMDtargets,,1,E07,SYBR,SRSF3_PTC,HEK_DMSO_3,20.82774541,ncEJCtargets
G02,ZFAS1,siNC,16.86,R1Q1,NMDtargets,,1,E08,SYBR,SRSF3_PTC,HEK_DMSO_3,20.79851071,ncEJCtargets
G03,ZFAS1,siNC,17.91,R1Q1,NMDtargets,,1,E09,SYBR,SRSF3_PTC,HEK_DMSO_3,20.85135209,ncEJCtargets
G04,ZFAS1,si eIF4A3,15.97,R1Q1,NMDtargets,,1,E10,SYBR,BRD2,HEK_DMSO_3,17.17362588,ncEJCtargets
G05,ZFAS1,si eIF4A3,16.25,R1Q1,NMDtargets,,1,E11,SYBR,BRD2,HEK_DMSO_3,17.02078978,ncEJCtargets
G06,ZFAS1,si eIF4A3,15.93,R1Q1,NMDtargets,,1,E12,SYBR,BRD2,HEK_DMSO_3,17.14452838,ncEJCtargets
G07,ZFAS1,si PYM1,19.23,R1Q1,NMDtargets,,1,F01,SYBR,ACTB,HEK_SMG1i_3,16.01199057,ncEJCtargets
G08,ZFAS1,si PYM1,19.58,R1Q1,NMDtargets,,1,F02,SYBR,ACTB,HEK_SMG1i_3,16.01238611,ncEJCtargets
G09,ZFAS1,si PYM1,19.28,R1Q1,NMDtargets,,1,F03,SYBR,ACTB,HEK_SMG1i_3,16.01267288,ncEJCtargets
H01,RSRC2_PTC+,siNC,20.19,R1Q1,NMDtargets,,1,F04,SYBR,SRSF3_NOR,HEK_SMG1i_3,19.94996383,ncEJCtargets
H02,RSRC2_PTC+,siNC,20.43,R1Q1,NMDtargets,,1,F05,SYBR,SRSF3_NOR,HEK_SMG1i_3,20.18887404,ncEJCtargets
H03,RSRC2_PTC+,siNC,20.74,R1Q1,NMDtargets,,1,F06,SYBR,SRSF3_NOR,HEK_SMG1i_3,19.82551267,ncEJCtargets
H04,RSRC2_PTC+,si eIF4A3,19.23,R1Q1,NMDtargets,,1,F07,SYBR,SRSF3_PTC,HEK_SMG1i_3,18.51618064,ncEJCtargets
H05,RSRC2_PTC+,si eIF4A3,19.36,R1Q1,NMDtargets,,1,F08,SYBR,SRSF3_PTC,HEK_SMG1i_3,18.52266585,ncEJCtargets
H06,RSRC2_PTC+,si eIF4A3,18.92,R1Q1,NMDtargets,,1,F09,SYBR,SRSF3_PTC,HEK_SMG1i_3,18.28517161,ncEJCtargets
H07,RSRC2_PTC+,si PYM1,22.19,R1Q1,NMDtargets,,1,F10,SYBR,BRD2,HEK_SMG1i_3,15.95384543,ncEJCtargets
H08,RSRC2_PTC+,si PYM1,21.79,R1Q1,NMDtargets,,1,F11,SYBR,BRD2,HEK_SMG1i_3,15.70941964,ncEJCtargets
H09,RSRC2_PTC+,si PYM1,22.03,R1Q1,NMDtargets,,1,F12,SYBR,BRD2,HEK_SMG1i_3,15.90821104,ncEJCtargets
A01,SRSF3_PTC+,siNC,25.29,R1Q2,NMDtargets,,1,G01,SYBR,ACTB,HCT_DMSO_1,14.96613589,ncEJCtargets
A02,SRSF3_PTC+,siNC,25.94,R1Q2,NMDtargets,,1,G02,SYBR,ACTB,HCT_DMSO_1,15.00209826,ncEJCtargets
A03,SRSF3_PTC+,siNC,26.02,R1Q2,NMDtargets,,1,G03,SYBR,ACTB,HCT_DMSO_1,14.91681118,ncEJCtargets
A04,SRSF3_PTC+,si eIF4A3,25.22,R1Q2,NMDtargets,,1,G04,SYBR,SRSF3_NOR,HCT_DMSO_1,21.05531883,ncEJCtargets
A05,SRSF3_PTC+,si eIF4A3,24.94,R1Q2,NMDtargets,,1,G05,SYBR,SRSF3_NOR,HCT_DMSO_1,21.04722507,ncEJCtargets
A06,SRSF3_PTC+,si eIF4A3,25.74,R1Q2,NMDtargets,,1,G06,SYBR,SRSF3_NOR,HCT_DMSO_1,20.75357688,ncEJCtargets
A07,SRSF3_PTC+,si PYM1,27.08,R1Q2,NMDtargets,,1,G07,SYBR,SRSF3_PTC,HCT_DMSO_1,21.90649675,ncEJCtargets
A08,SRSF3_PTC+,si PYM1,26.57,R1Q2,NMDtargets,,1,G08,SYBR,SRSF3_PTC,HCT_DMSO_1,21.94618563,ncEJCtargets
A09,SRSF3_PTC+,si PYM1,25.78,R1Q2,NMDtargets,,1,G09,SYBR,SRSF3_PTC,HCT_DMSO_1,21.75014991,ncEJCtargets
A10,SRSF3_PTC+,si UPF1,25.42,R1Q2,NMDtargets,,1,G10,SYBR,BRD2,HCT_DMSO_1,18.71232982,ncEJCtargets
A11,SRSF3_PTC+,si UPF1,26.13,R1Q2,NMDtargets,,1,G11,SYBR,BRD2,HCT_DMSO_1,18.77605237,ncEJCtargets
A12,SRSF3_PTC+,si UPF1,23.85,R1Q2,NMDtargets,,1,G12,SYBR,BRD2,HCT_DMSO_1,18.77139916,ncEJCtargets
B01,SRSF3_PTC-,siNC,23.81,R1Q2,NMDtargets,,1,H01,SYBR,ACTB,HCT_SMG1i_1,15.45684935,ncEJCtargets
B02,SRSF3_PTC-,siNC,23.39,R1Q2,NMDtargets,,1,H02,SYBR,ACTB,HCT_SMG1i_1,15.56430952,ncEJCtargets
B03,SRSF3_PTC-,siNC,23.48,R1Q2,NMDtargets,,1,H03,SYBR,ACTB,HCT_SMG1i_1,15.52323657,ncEJCtargets
B04,SRSF3_PTC-,si eIF4A3,24.93,R1Q2,NMDtargets,,1,H04,SYBR,SRSF3_NOR,HCT_SMG1i_1,21.45447314,ncEJCtargets
B05,SRSF3_PTC-,si eIF4A3,24.78,R1Q2,NMDtargets,,1,H05,SYBR,SRSF3_NOR,HCT_SMG1i_1,21.52270222,ncEJCtargets
B06,SRSF3_PTC-,si eIF4A3,24.77,R1Q2,NMDtargets,,1,H06,SYBR,SRSF3_NOR,HCT_SMG1i_1,20.99689008,ncEJCtargets
B07,SRSF3_PTC-,si PYM1,25.03,R1Q2,NMDtargets,,1,H07,SYBR,SRSF3_PTC,HCT_SMG1i_1,19.27409776,ncEJCtargets
B08,SRSF3_PTC-,si PYM1,24.99,R1Q2,NMDtargets,,1,H08,SYBR,SRSF3_PTC,HCT_SMG1i_1,19.29860059,ncEJCtargets
B09,SRSF3_PTC-,si PYM1,25.12,R1Q2,NMDtargets,,1,H09,SYBR,SRSF3_PTC,HCT_SMG1i_1,19.00026992,ncEJCtargets
B10,SRSF3_PTC-,si UPF1,24.81,R1Q2,NMDtargets,,1,H10,SYBR,BRD2,HCT_SMG1i_1,17.18337801,ncEJCtargets
B11,SRSF3_PTC-,si UPF1,25.1,R1Q2,NMDtargets,,1,H11,SYBR,BRD2,HCT_SMG1i_1,17.1071994,ncEJCtargets
B12,SRSF3_PTC-,si UPF1,24.88,R1Q2,NMDtargets,,1,H12,SYBR,BRD2,HCT_SMG1i_1,17.08985536,ncEJCtargets
C01,ZFAS1,siNC,21.99,R1Q2,NMDtargets,,2,A01,SYBR,EPHA2,HEK_DMSO_1,22.07038536,ncEJCtargets
C02,ZFAS1,siNC,21.88,R1Q2,NMDtargets,,2,A02,SYBR,EPHA2,HEK_DMSO_1,22.10000907,ncEJCtargets
C03,ZFAS1,siNC,21.85,R1Q2,NMDtargets,,2,A03,SYBR,EPHA2,HEK_DMSO_1,22.07977726,ncEJCtargets
C04,ZFAS1,si eIF4A3,19.66,R1Q2,NMDtargets,,2,A04,SYBR,EIF4G1,HEK_DMSO_1,18.89910483,ncEJCtargets
C05,ZFAS1,si eIF4A3,20.52,R1Q2,NMDtargets,,2,A05,SYBR,EIF4G1,HEK_DMSO_1,18.93288096,ncEJCtargets
C06,ZFAS1,si eIF4A3,20.1,R1Q2,NMDtargets,,2,A06,SYBR,EIF4G1,HEK_DMSO_1,18.87194877,ncEJCtargets
C07,ZFAS1,si PYM1,24.05,R1Q2,NMDtargets,,2,A07,SYBR,DAZAP1,HEK_DMSO_1,18.2180931,ncEJCtargets
C08,ZFAS1,si PYM1,23.96,R1Q2,NMDtargets,,2,A08,SYBR,DAZAP1,HEK_DMSO_1,18.18789104,ncEJCtargets
C09,ZFAS1,si PYM1,23.8,R1Q2,NMDtargets,,2,A09,SYBR,DAZAP1,HEK_DMSO_1,18.15213954,ncEJCtargets
C10,ZFAS1,si UPF1,22.9,R1Q2,NMDtargets,,2,A10,SYBR,CAPN1,HEK_DMSO_1,22.85497057,ncEJCtargets
C11,ZFAS1,si UPF1,22.99,R1Q2,NMDtargets,,2,A11,SYBR,CAPN1,HEK_DMSO_1,22.85768758,ncEJCtargets
C12,ZFAS1,si UPF1,22.98,R1Q2,NMDtargets,,2,A12,SYBR,CAPN1,HEK_DMSO_1,22.94781583,ncEJCtargets
D01,GAS5,siNC,19.49,R1Q2,NMDtargets,,2,B01,SYBR,EPHA2,HEK_SMG1i_1,22.14499105,ncEJCtargets
D02,GAS5,siNC,19.93,R1Q2,NMDtargets,,2,B02,SYBR,EPHA2,HEK_SMG1i_1,22.19265283,ncEJCtargets
D03,GAS5,siNC,20.29,R1Q2,NMDtargets,,2,B03,SYBR,EPHA2,HEK_SMG1i_1,22.22756929,ncEJCtargets
D04,GAS5,si eIF4A3,19.86,R1Q2,NMDtargets,,2,B04,SYBR,EIF4G1,HEK_SMG1i_1,19.13827642,ncEJCtargets
D05,GAS5,si eIF4A3,20.03,R1Q2,NMDtargets,,2,B05,SYBR,EIF4G1,HEK_SMG1i_1,19.19176793,ncEJCtargets
D06,GAS5,si eIF4A3,20.13,R1Q2,NMDtargets,,2,B06,SYBR,EIF4G1,HEK_SMG1i_1,19.20025982,ncEJCtargets
D07,GAS5,si PYM1,20.84,R1Q2,NMDtargets,,2,B07,SYBR,DAZAP1,HEK_SMG1i_1,18.28873106,ncEJCtargets
D08,GAS5,si PYM1,21.45,R1Q2,NMDtargets,,2,B08,SYBR,DAZAP1,HEK_SMG1i_1,18.2290808,ncEJCtargets
D09,GAS5,si PYM1,20.33,R1Q2,NMDtargets,,2,B09,SYBR,DAZAP1,HEK_SMG1i_1,18.23599713,ncEJCtargets
D10,GAS5,si UPF1,20.54,R1Q2,NMDtargets,,2,B10,SYBR,CAPN1,HEK_SMG1i_1,23.04357242,ncEJCtargets
D11,GAS5,si UPF1,21,R1Q2,NMDtargets,,2,B11,SYBR,CAPN1,HEK_SMG1i_1,23.05677822,ncEJCtargets
D12,GAS5,si UPF1,21.75,R1Q2,NMDtargets,,2,B12,SYBR,CAPN1,HEK_SMG1i_1,23.11562396,ncEJCtargets
E01,GAPDH,siNC,15.63,R1Q2,NMDtargets,,2,C01,SYBR,EPHA2,HEK_DMSO_2,20.80037926,ncEJCtargets
E02,GAPDH,siNC,15.85,R1Q2,NMDtargets,,2,C02,SYBR,EPHA2,HEK_DMSO_2,20.75603387,ncEJCtargets
E03,GAPDH,siNC,15.78,R1Q2,NMDtargets,,2,C03,SYBR,EPHA2,HEK_DMSO_2,20.89460095,ncEJCtargets
E04,GAPDH,si eIF4A3,16.07,R1Q2,NMDtargets,,2,C04,SYBR,EIF4G1,HEK_DMSO_2,19.71429456,ncEJCtargets
E05,GAPDH,si eIF4A3,14.91,R1Q2,NMDtargets,,2,C05,SYBR,EIF4G1,HEK_DMSO_2,19.72333225,ncEJCtargets
E06,GAPDH,si eIF4A3,14.04,R1Q2,NMDtargets,,2,C06,SYBR,EIF4G1,HEK_DMSO_2,19.6895503,ncEJCtargets
E07,GAPDH,si PYM1,16.65,R1Q2,NMDtargets,,2,C07,SYBR,DAZAP1,HEK_DMSO_2,19.0362937,ncEJCtargets
E08,GAPDH,si PYM1,16.65,R1Q2,NMDtargets,,2,C08,SYBR,DAZAP1,HEK_DMSO_2,19.00039158,ncEJCtargets
E09,GAPDH,si PYM1,16.17,R1Q2,NMDtargets,,2,C09,SYBR,DAZAP1,HEK_DMSO_2,18.89593715,ncEJCtargets
E10,GAPDH,si UPF1,15.84,R1Q2,NMDtargets,,2,C10,SYBR,CAPN1,HEK_DMSO_2,21.1256387,ncEJCtargets
E11,GAPDH,si UPF1,16.11,R1Q2,NMDtargets,,2,C11,SYBR,CAPN1,HEK_DMSO_2,20.97083006,ncEJCtargets
E12,GAPDH,si UPF1,16.35,R1Q2,NMDtargets,,2,C12,SYBR,CAPN1,HEK_DMSO_2,21.0742319,ncEJCtargets
F01,RSRC2_PTC+,siNC,21.74,R1Q2,NMDtargets,,2,D01,SYBR,EPHA2,HEK_SMG1i_2,19.39909971,ncEJCtargets
F02,RSRC2_PTC+,siNC,22.16,R1Q2,NMDtargets,,2,D02,SYBR,EPHA2,HEK_SMG1i_2,19.38985954,ncEJCtargets
F03,RSRC2_PTC+,siNC,22.2,R1Q2,NMDtargets,,2,D03,SYBR,EPHA2,HEK_SMG1i_2,19.35489925,ncEJCtargets
F04,RSRC2_PTC+,si eIF4A3,21.6,R1Q2,NMDtargets,,2,D04,SYBR,EIF4G1,HEK_SMG1i_2,19.92902829,ncEJCtargets
F05,RSRC2_PTC+,si eIF4A3,22.63,R1Q2,NMDtargets,,2,D05,SYBR,EIF4G1,HEK_SMG1i_2,19.94566268,ncEJCtargets
F06,RSRC2_PTC+,si eIF4A3,21.67,R1Q2,NMDtargets,,2,D06,SYBR,EIF4G1,HEK_SMG1i_2,19.95121828,ncEJCtargets
F07,RSRC2_PTC+,si PYM1,23.04,R1Q2,NMDtargets,,2,D07,SYBR,DAZAP1,HEK_SMG1i_2,19.30169401,ncEJCtargets
F08,RSRC2_PTC+,si PYM1,23.11,R1Q2,NMDtargets,,2,D08,SYBR,DAZAP1,HEK_SMG1i_2,19.24695898,ncEJCtargets
F09,RSRC2_PTC+,si PYM1,22.86,R1Q2,NMDtargets,,2,D09,SYBR,DAZAP1,HEK_SMG1i_2,19.1899391,ncEJCtargets
F10,RSRC2_PTC+,si UPF1,22.04,R1Q2,NMDtargets,,2,D10,SYBR,CAPN1,HEK_SMG1i_2,21.3769899,ncEJCtargets
F11,RSRC2_PTC+,si UPF1,21.88,R1Q2,NMDtargets,,2,D11,SYBR,CAPN1,HEK_SMG1i_2,21.27615614,ncEJCtargets
F12,RSRC2_PTC+,si UPF1,22.23,R1Q2,NMDtargets,,2,D12,SYBR,CAPN1,HEK_SMG1i_2,21.33723574,ncEJCtargets
G01,RSRC2_PTC-,siNC,17.96,R1Q2,NMDtargets,,2,E01,SYBR,EPHA2,HEK_DMSO_3,22.14757218,ncEJCtargets
G02,RSRC2_PTC-,siNC,18.5,R1Q2,NMDtargets,,2,E02,SYBR,EPHA2,HEK_DMSO_3,22.2016814,ncEJCtargets
G03,RSRC2_PTC-,siNC,18.27,R1Q2,NMDtargets,,2,E03,SYBR,EPHA2,HEK_DMSO_3,22.16786225,ncEJCtargets
G04,RSRC2_PTC-,si eIF4A3,19.67,R1Q2,NMDtargets,,2,E04,SYBR,EIF4G1,HEK_DMSO_3,19.04303493,ncEJCtargets
G05,RSRC2_PTC-,si eIF4A3,19.92,R1Q2,NMDtargets,,2,E05,SYBR,EIF4G1,HEK_DMSO_3,19.01635518,ncEJCtargets
G06,RSRC2_PTC-,si eIF4A3,20.76,R1Q2,NMDtargets,,2,E06,SYBR,EIF4G1,HEK_DMSO_3,19.02112044,ncEJCtargets
G07,RSRC2_PTC-,si PYM1,19.98,R1Q2,NMDtargets,,2,E07,SYBR,DAZAP1,HEK_DMSO_3,18.28347081,ncEJCtargets
G08,RSRC2_PTC-,si PYM1,20.79,R1Q2,NMDtargets,,2,E08,SYBR,DAZAP1,HEK_DMSO_3,18.21803455,ncEJCtargets
G09,RSRC2_PTC-,si PYM1,20.18,R1Q2,NMDtargets,,2,E09,SYBR,DAZAP1,HEK_DMSO_3,18.26469806,ncEJCtargets
G10,RSRC2_PTC-,si UPF1,19.59,R1Q2,NMDtargets,,2,E10,SYBR,CAPN1,HEK_DMSO_3,22.8739948,ncEJCtargets
G11,RSRC2_PTC-,si UPF1,19.54,R1Q2,NMDtargets,,2,E11,SYBR,CAPN1,HEK_DMSO_3,23.03666256,ncEJCtargets
G12,RSRC2_PTC-,si UPF1,19.61,R1Q2,NMDtargets,,2,E12,SYBR,CAPN1,HEK_DMSO_3,22.94703739,ncEJCtargets
A01,RPS9_PTC+,siNC,18.85,R2Q1,NMDtargets,,2,F01,SYBR,EPHA2,HEK_SMG1i_3,22.09194095,ncEJCtargets
A02,RPS9_PTC+,siNC,18.3,R2Q1,NMDtargets,,2,F02,SYBR,EPHA2,HEK_SMG1i_3,22.15733849,ncEJCtargets
A03,RPS9_PTC+,siNC,18.21,R2Q1,NMDtargets,,2,F03,SYBR,EPHA2,HEK_SMG1i_3,22.16769299,ncEJCtargets
A04,RPS9_PTC+,si eIF4A3,19.44,R2Q1,NMDtargets,,2,F04,SYBR,EIF4G1,HEK_SMG1i_3,19.14580506,ncEJCtargets
A05,RPS9_PTC+,si eIF4A3,19.76,R2Q1,NMDtargets,,2,F05,SYBR,EIF4G1,HEK_SMG1i_3,19.18275942,ncEJCtargets
A06,RPS9_PTC+,si eIF4A3,19.98,R2Q1,NMDtargets,,2,F06,SYBR,EIF4G1,HEK_SMG1i_3,19.18420927,ncEJCtargets
A07,RPS9_PTC+,si PYM1,18.83,R2Q1,NMDtargets,,2,F07,SYBR,DAZAP1,HEK_SMG1i_3,18.35084884,ncEJCtargets
A08,RPS9_PTC+,si PYM1,18.94,R2Q1,NMDtargets,,2,F08,SYBR,DAZAP1,HEK_SMG1i_3,18.38418005,ncEJCtargets
A09,RPS9_PTC+,si PYM1,18.97,R2Q1,NMDtargets,,2,F09,SYBR,DAZAP1,HEK_SMG1i_3,18.1788024,ncEJCtargets
A10,RPS9_PTC+,si UPF1,19.35,R2Q1,NMDtargets,,2,F10,SYBR,CAPN1,HEK_SMG1i_3,22.9806388,ncEJCtargets
A11,RPS9_PTC+,si UPF1,19.53,R2Q1,NMDtargets,,2,F11,SYBR,CAPN1,HEK_SMG1i_3,23.07452243,ncEJCtargets
A12,RPS9_PTC+,si UPF1,19.84,R2Q1,NMDtargets,,2,F12,SYBR,CAPN1,HEK_SMG1i_3,23.14188453,ncEJCtargets
B01,RPS9_NOR,siNC,18.87,R2Q1,NMDtargets,,2,G01,SYBR,EPHA2,HCT_DMSO_1,20.89700023,ncEJCtargets
B02,RPS9_NOR,siNC,18.76,R2Q1,NMDtargets,,2,G02,SYBR,EPHA2,HCT_DMSO_1,20.91574217,ncEJCtargets
B03,RPS9_NOR,siNC,18.9,R2Q1,NMDtargets,,2,G03,SYBR,EPHA2,HCT_DMSO_1,20.90658511,ncEJCtargets
B04,RPS9_NOR,si eIF4A3,20.59,R2Q1,NMDtargets,,2,G04,SYBR,EIF4G1,HCT_DMSO_1,19.90888174,ncEJCtargets
B05,RPS9_NOR,si eIF4A3,20.75,R2Q1,NMDtargets,,2,G05,SYBR,EIF4G1,HCT_DMSO_1,19.86019012,ncEJCtargets
B06,RPS9_NOR,si eIF4A3,20.79,R2Q1,NMDtargets,,2,G06,SYBR,EIF4G1,HCT_DMSO_1,19.8495439,ncEJCtargets
B07,RPS9_NOR,si PYM1,18.98,R2Q1,NMDtargets,,2,G07,SYBR,DAZAP1,HCT_DMSO_1,19.01870798,ncEJCtargets
B08,RPS9_NOR,si PYM1,18.91,R2Q1,NMDtargets,,2,G08,SYBR,DAZAP1,HCT_DMSO_1,19.09284168,ncEJCtargets
B09,RPS9_NOR,si PYM1,19.54,R2Q1,NMDtargets,,2,G09,SYBR,DAZAP1,HCT_DMSO_1,19.23002551,ncEJCtargets
B10,RPS9_NOR,si UPF1,19.84,R2Q1,NMDtargets,,2,G10,SYBR,CAPN1,HCT_DMSO_1,21.33951353,ncEJCtargets
B11,RPS9_NOR,si UPF1,20.06,R2Q1,NMDtargets,,2,G11,SYBR,CAPN1,HCT_DMSO_1,21.35411715,ncEJCtargets
B12,RPS9_NOR,si UPF1,20.15,R2Q1,NMDtargets,,2,G12,SYBR,CAPN1,HCT_DMSO_1,21.41623079,ncEJCtargets
C01,GAPDH,siNC,16.62,R2Q1,NMDtargets,,2,H01,SYBR,EPHA2,HCT_SMG1i_1,19.20422164,ncEJCtargets
C02,GAPDH,siNC,16.87,R2Q1,NMDtargets,,2,H02,SYBR,EPHA2,HCT_SMG1i_1,19.44015001,ncEJCtargets
C03,GAPDH,siNC,16.94,R2Q1,NMDtargets,,2,H03,SYBR,EPHA2,HCT_SMG1i_1,19.22885335,ncEJCtargets
C04,GAPDH,si eIF4A3,18.65,R2Q1,NMDtargets,,2,H04,SYBR,EIF4G1,HCT_SMG1i_1,20.07923155,ncEJCtargets
C05,GAPDH,si eIF4A3,18.66,R2Q1,NMDtargets,,2,H05,SYBR,EIF4G1,HCT_SMG1i_1,20.38147277,ncEJCtargets
C06,GAPDH,si eIF4A3,18.64,R2Q1,NMDtargets,,2,H06,SYBR,EIF4G1,HCT_SMG1i_1,20.26920346,ncEJCtargets
C07,GAPDH,si PYM1,17.57,R2Q1,NMDtargets,,2,H07,SYBR,DAZAP1,HCT_SMG1i_1,19.62318401,ncEJCtargets
C08,GAPDH,si PYM1,17.28,R2Q1,NMDtargets,,2,H08,SYBR,DAZAP1,HCT_SMG1i_1,19.65963242,ncEJCtargets
C09,GAPDH,si PYM1,17.64,R2Q1,NMDtargets,,2,H09,SYBR,DAZAP1,HCT_SMG1i_1,19.58386807,ncEJCtargets
C10,GAPDH,si UPF1,17.2,R2Q1,NMDtargets,,2,H10,SYBR,CAPN1,HCT_SMG1i_1,21.63805486,ncEJCtargets
C11,GAPDH,si UPF1,17.51,R2Q1,NMDtargets,,2,H11,SYBR,CAPN1,HCT_SMG1i_1,21.52247204,ncEJCtargets
C12,GAPDH,si UPF1,17.65,R2Q1,NMDtargets,,2,H12,SYBR,CAPN1,HCT_SMG1i_1,21.56668387,ncEJCtargets
D01,SRSF2_PTC+,siNC,23.59,R2Q1,NMDtargets,,3,A01,SYBR,FOXK1,HEK_DMSO_1,22.50616284,ncEJCtargets
D02,SRSF2_PTC+,siNC,24.69,R2Q1,NMDtargets,,3,A02,SYBR,FOXK1,HEK_DMSO_1,22.78864502,ncEJCtargets
D03,SRSF2_PTC+,siNC,24.52,R2Q1,NMDtargets,,3,A03,SYBR,FOXK1,HEK_DMSO_1,22.79658343,ncEJCtargets
D04,SRSF2_PTC+,si eIF4A3,22.9,R2Q1,NMDtargets,,3,A04,SYBR,MAPK3,HEK_DMSO_1,20.72158313,ncEJCtargets
D05,SRSF2_PTC+,si eIF4A3,22.65,R2Q1,NMDtargets,,3,A05,SYBR,MAPK3,HEK_DMSO_1,20.83570921,ncEJCtargets
D06,SRSF2_PTC+,si eIF4A3,21.91,R2Q1,NMDtargets,,3,A06,SYBR,MAPK3,HEK_DMSO_1,20.80780828,ncEJCtargets
D07,SRSF2_PTC+,si PYM1,24.7,R2Q1,NMDtargets,,3,A07,SYBR,MYH9,HEK_DMSO_1,21.45775304,ncEJCtargets
D08,SRSF2_PTC+,si PYM1,25,R2Q1,NMDtargets,,3,A08,SYBR,MYH9,HEK_DMSO_1,21.32490212,ncEJCtargets
D09,SRSF2_PTC+,si PYM1,24.99,R2Q1,NMDtargets,,3,A09,SYBR,MYH9,HEK_DMSO_1,21.42024148,ncEJCtargets
D10,SRSF2_PTC+,si UPF1,24.99,R2Q1,NMDtargets,,3,A10,SYBR,NOC2L,HEK_DMSO_1,19.85306929,ncEJCtargets
D11,SRSF2_PTC+,si UPF1,25.28,R2Q1,NMDtargets,,3,A11,SYBR,NOC2L,HEK_DMSO_1,19.80191446,ncEJCtargets
D12,SRSF2_PTC+,si UPF1,25.45,R2Q1,NMDtargets,,3,A12,SYBR,NOC2L,HEK_DMSO_1,19.7140555,ncEJCtargets
E01,SRSF2_NOR,siNC,16.89,R2Q1,NMDtargets,,3,B01,SYBR,FOXK1,HEK_SMG1i_1,22.46520429,ncEJCtargets
E02,SRSF2_NOR,siNC,18.73,R2Q1,NMDtargets,,3,B02,SYBR,FOXK1,HEK_SMG1i_1,22.68287362,ncEJCtargets
E03,SRSF2_NOR,siNC,18.35,R2Q1,NMDtargets,,3,B03,SYBR,FOXK1,HEK_SMG1i_1,22.77280896,ncEJCtargets
E04,SRSF2_NOR,si eIF4A3,21.03,R2Q1,NMDtargets,,3,B04,SYBR,MAPK3,HEK_SMG1i_1,20.57336695,ncEJCtargets
E05,SRSF2_NOR,si eIF4A3,21.29,R2Q1,NMDtargets,,3,B05,SYBR,MAPK3,HEK_SMG1i_1,20.65830374,ncEJCtargets
E06,SRSF2_NOR,si eIF4A3,21.49,R2Q1,NMDtargets,,3,B06,SYBR,MAPK3,HEK_SMG1i_1,20.62853487,ncEJCtargets
E07,SRSF2_NOR,si PYM1,18.72,R2Q1,NMDtargets,,3,B07,SYBR,MYH9,HEK_SMG1i_1,21.41386341,ncEJCtargets
E08,SRSF2_NOR,si PYM1,19.23,R2Q1,NMDtargets,,3,B08,SYBR,MYH9,HEK_SMG1i_1,21.38603662,ncEJCtargets
E09,SRSF2_NOR,si PYM1,19.6,R2Q1,NMDtargets,,3,B09,SYBR,MYH9,HEK_SMG1i_1,21.33793221,ncEJCtargets
E10,SRSF2_NOR,si UPF1,19.07,R2Q1,NMDtargets,,3,B10,SYBR,NOC2L,HEK_SMG1i_1,20.27280352,ncEJCtargets
E11,SRSF2_NOR,si UPF1,19.7,R2Q1,NMDtargets,,3,B11,SYBR,NOC2L,HEK_SMG1i_1,20.18751535,ncEJCtargets
E12,SRSF2_NOR,si UPF1,19.78,R2Q1,NMDtargets,,3,B12,SYBR,NOC2L,HEK_SMG1i_1,20.1128034,ncEJCtargets
F01,TBP,siNC,19.88,R2Q1,NMDtargets,,3,C01,SYBR,FOXK1,HEK_DMSO_2,21.95420135,ncEJCtargets
F02,TBP,siNC,20.86,R2Q1,NMDtargets,,3,C02,SYBR,FOXK1,HEK_DMSO_2,22.15255443,ncEJCtargets
F03,TBP,siNC,21.05,R2Q1,NMDtargets,,3,C03,SYBR,FOXK1,HEK_DMSO_2,22.1915451,ncEJCtargets
F04,TBP,si eIF4A3,21.05,R2Q1,NMDtargets,,3,C04,SYBR,MAPK3,HEK_DMSO_2,21.28515089,ncEJCtargets
F05,TBP,si eIF4A3,21.43,R2Q1,NMDtargets,,3,C05,SYBR,MAPK3,HEK_DMSO_2,21.30244103,ncEJCtargets
F06,TBP,si eIF4A3,21.64,R2Q1,NMDtargets,,3,C06,SYBR,MAPK3,HEK_DMSO_2,21.32864497,ncEJCtargets
F07,TBP,si PYM1,20.69,R2Q1,NMDtargets,,3,C07,SYBR,MYH9,HEK_DMSO_2,21.5348649,ncEJCtargets
F08,TBP,si PYM1,21.48,R2Q1,NMDtargets,,3,C08,SYBR,MYH9,HEK_DMSO_2,21.64578169,ncEJCtargets
F09,TBP,si PYM1,21.66,R2Q1,NMDtargets,,3,C09,SYBR,MYH9,HEK_DMSO_2,21.49356105,ncEJCtargets
F10,TBP,si UPF1,20.81,R2Q1,NMDtargets,,3,C10,SYBR,NOC2L,HEK_DMSO_2,20.18957041,ncEJCtargets
F11,TBP,si UPF1,20.73,R2Q1,NMDtargets,,3,C11,SYBR,NOC2L,HEK_DMSO_2,20.04140021,ncEJCtargets
F12,TBP,si UPF1,20.03,R2Q1,NMDtargets,,3,C12,SYBR,NOC2L,HEK_DMSO_2,20.05917586,ncEJCtargets
G01,SRSF3_PTC+,siNC,20.46,R2Q1,NMDtargets,,3,D01,SYBR,FOXK1,HEK_SMG1i_2,21.87322078,ncEJCtargets
G02,SRSF3_PTC+,siNC,20.87,R2Q1,NMDtargets,,3,D02,SYBR,FOXK1,HEK_SMG1i_2,21.8998995,ncEJCtargets
G03,SRSF3_PTC+,siNC,20.98,R2Q1,NMDtargets,,3,D03,SYBR,FOXK1,HEK_SMG1i_2,22.00462113,ncEJCtargets
G04,SRSF3_PTC+,si eIF4A3,19.86,R2Q1,NMDtargets,,3,D04,SYBR,MAPK3,HEK_SMG1i_2,20.67130565,ncEJCtargets
G05,SRSF3_PTC+,si eIF4A3,20.03,R2Q1,NMDtargets,,3,D05,SYBR,MAPK3,HEK_SMG1i_2,20.6715782,ncEJCtargets
G06,SRSF3_PTC+,si eIF4A3,20.01,R2Q1,NMDtargets,,3,D06,SYBR,MAPK3,HEK_SMG1i_2,20.73581977,ncEJCtargets
G07,SRSF3_PTC+,si PYM1,20.19,R2Q1,NMDtargets,,3,D07,SYBR,MYH9,HEK_SMG1i_2,20.99210109,ncEJCtargets
G08,SRSF3_PTC+,si PYM1,20.75,R2Q1,NMDtargets,,3,D08,SYBR,MYH9,HEK_SMG1i_2,21.04995747,ncEJCtargets
G09,SRSF3_PTC+,si PYM1,20.8,R2Q1,NMDtargets,,3,D09,SYBR,MYH9,HEK_SMG1i_2,21.0064551,ncEJCtargets
G10,SRSF3_PTC+,si UPF1,20.85,R2Q1,NMDtargets,,3,D10,SYBR,NOC2L,HEK_SMG1i_2,20.51525204,ncEJCtargets
G11,SRSF3_PTC+,si UPF1,20.97,R2Q1,NMDtargets,,3,D11,SYBR,NOC2L,HEK_SMG1i_2,20.44011471,ncEJCtargets
G12,SRSF3_PTC+,si UPF1,21.1,R2Q1,NMDtargets,,3,D12,SYBR,NOC2L,HEK_SMG1i_2,20.19213815,ncEJCtargets
H01,SRSF3_NOR,siNC,16.35,R2Q1,NMDtargets,,3,E01,SYBR,FOXK1,HEK_DMSO_3,22.90694751,ncEJCtargets
H02,SRSF3_NOR,siNC,16.11,R2Q1,NMDtargets,,3,E02,SYBR,FOXK1,HEK_DMSO_3,22.85050906,ncEJCtargets
H03,SRSF3_NOR,siNC,16.05,R2Q1,NMDtargets,,3,E03,SYBR,FOXK1,HEK_DMSO_3,22.93519282,ncEJCtargets
H04,SRSF3_NOR,si eIF4A3,17.88,R2Q1,NMDtargets,,3,E04,SYBR,MAPK3,HEK_DMSO_3,20.65344553,ncEJCtargets
H05,SRSF3_NOR,si eIF4A3,18.02,R2Q1,NMDtargets,,3,E05,SYBR,MAPK3,HEK_DMSO_3,20.74580945,ncEJCtargets
H06,SRSF3_NOR,si eIF4A3,18,R2Q1,NMDtargets,,3,E06,SYBR,MAPK3,HEK_DMSO_3,20.98402001,ncEJCtargets
H07,SRSF3_NOR,si PYM1,16.79,R2Q1,NMDtargets,,3,E07,SYBR,MYH9,HEK_DMSO_3,21.68999767,ncEJCtargets
H08,SRSF3_NOR,si PYM1,16.95,R2Q1,NMDtargets,,3,E08,SYBR,MYH9,HEK_DMSO_3,21.63648851,ncEJCtargets
H09,SRSF3_NOR,si PYM1,16.74,R2Q1,NMDtargets,,3,E09,SYBR,MYH9,HEK_DMSO_3,21.68062058,ncEJCtargets
H10,SRSF3_NOR,si UPF1,17.14,R2Q1,NMDtargets,,3,E10,SYBR,NOC2L,HEK_DMSO_3,20.06248045,ncEJCtargets
H11,SRSF3_NOR,si UPF1,17.24,R2Q1,NMDtargets,,3,E11,SYBR,NOC2L,HEK_DMSO_3,19.98630732,ncEJCtargets
H12,SRSF3_NOR,si UPF1,17.28,R2Q1,NMDtargets,,3,E12,SYBR,NOC2L,HEK_DMSO_3,20.01913158,ncEJCtargets
A01,RSRC2_PTC+,siNC,24.49,R2Q2,NMDtargets,,3,F01,SYBR,FOXK1,HEK_SMG1i_3,22.55889716,ncEJCtargets
A02,RSRC2_PTC+,siNC,25.37,R2Q2,NMDtargets,,3,F02,SYBR,FOXK1,HEK_SMG1i_3,22.71244166,ncEJCtargets
A03,RSRC2_PTC+,siNC,25.45,R2Q2,NMDtargets,,3,F03,SYBR,FOXK1,HEK_SMG1i_3,22.73412012,ncEJCtargets
A04,RSRC2_PTC+,si eIF4A3,24.61,R2Q2,NMDtargets,,3,F04,SYBR,MAPK3,HEK_SMG1i_3,20.70394509,ncEJCtargets
A05,RSRC2_PTC+,si eIF4A3,24.34,R2Q2,NMDtargets,,3,F05,SYBR,MAPK3,HEK_SMG1i_3,20.67615601,ncEJCtargets
A06,RSRC2_PTC+,si eIF4A3,24.81,R2Q2,NMDtargets,,3,F06,SYBR,MAPK3,HEK_SMG1i_3,20.71468458,ncEJCtargets
A07,RSRC2_PTC+,si PYM1,24.95,R2Q2,NMDtargets,,3,F07,SYBR,MYH9,HEK_SMG1i_3,21.4796311,ncEJCtargets
A08,RSRC2_PTC+,si PYM1,24.63,R2Q2,NMDtargets,,3,F08,SYBR,MYH9,HEK_SMG1i_3,21.50434762,ncEJCtargets
A09,RSRC2_PTC+,si PYM1,24.61,R2Q2,NMDtargets,,3,F09,SYBR,MYH9,HEK_SMG1i_3,21.49381848,ncEJCtargets
A10,RSRC2_PTC+,si UPF1,24.89,R2Q2,NMDtargets,,3,F10,SYBR,NOC2L,HEK_SMG1i_3,20.29698254,ncEJCtargets
A11,RSRC2_PTC+,si UPF1,24.8,R2Q2,NMDtargets,,3,F11,SYBR,NOC2L,HEK_SMG1i_3,20.11281743,ncEJCtargets
A12,RSRC2_PTC+,si UPF1,24.96,R2Q2,NMDtargets,,3,F12,SYBR,NOC2L,HEK_SMG1i_3,20.1684971,ncEJCtargets
B01,RSRC2_NOR,siNC,23.08,R2Q2,NMDtargets,,3,G01,SYBR,FOXK1,HCT_DMSO_1,21.9856976,ncEJCtargets
B02,RSRC2_NOR,siNC,22.76,R2Q2,NMDtargets,,3,G02,SYBR,FOXK1,HCT_DMSO_1,22.05047387,ncEJCtargets
B03,RSRC2_NOR,siNC,22.95,R2Q2,NMDtargets,,3,G03,SYBR,FOXK1,HCT_DMSO_1,22.22417489,ncEJCtargets
B04,RSRC2_NOR,si eIF4A3,24.4,R2Q2,NMDtargets,,3,G04,SYBR,MAPK3,HCT_DMSO_1,21.33177727,ncEJCtargets
B05,RSRC2_NOR,si eIF4A3,24.39,R2Q2,NMDtargets,,3,G05,SYBR,MAPK3,HCT_DMSO_1,21.32289399,ncEJCtargets
B06,RSRC2_NOR,si eIF4A3,24.67,R2Q2,NMDtargets,,3,G06,SYBR,MAPK3,HCT_DMSO_1,21.41992641,ncEJCtargets
B07,RSRC2_NOR,si PYM1,23.71,R2Q2,NMDtargets,,3,G07,SYBR,MYH9,HCT_DMSO_1,21.43983111,ncEJCtargets
B08,RSRC2_NOR,si PYM1,23.33,R2Q2,NMDtargets,,3,G08,SYBR,MYH9,HCT_DMSO_1,21.48688169,ncEJCtargets
B09,RSRC2_NOR,si PYM1,23.59,R2Q2,NMDtargets,,3,G09,SYBR,MYH9,HCT_DMSO_1,21.53632238,ncEJCtargets
B10,RSRC2_NOR,si UPF1,24.51,R2Q2,NMDtargets,,3,G10,SYBR,NOC2L,HCT_DMSO_1,20.37336336,ncEJCtargets
B11,RSRC2_NOR,si UPF1,24.34,R2Q2,NMDtargets,,3,G11,SYBR,NOC2L,HCT_DMSO_1,20.19693197,ncEJCtargets
B12,RSRC2_NOR,si UPF1,24.59,R2Q2,NMDtargets,,3,G12,SYBR,NOC2L,HCT_DMSO_1,20.23005009,ncEJCtargets
C01,ZFAS1,siNC,20.83,R2Q2,NMDtargets,,3,H01,SYBR,FOXK1,HCT_SMG1i_1,21.85584694,ncEJCtargets
C02,ZFAS1,siNC,20.88,R2Q2,NMDtargets,,3,H02,SYBR,FOXK1,HCT_SMG1i_1,21.92216938,ncEJCtargets
C03,ZFAS1,siNC,21.23,R2Q2,NMDtargets,,3,H03,SYBR,FOXK1,HCT_SMG1i_1,21.96220304,ncEJCtargets
C04,ZFAS1,si eIF4A3,19.94,R2Q2,NMDtargets,,3,H04,SYBR,MAPK3,HCT_SMG1i_1,20.79779832,ncEJCtargets
C05,ZFAS1,si eIF4A3,19.07,R2Q2,NMDtargets,,3,H05,SYBR,MAPK3,HCT_SMG1i_1,20.78072481,ncEJCtargets
C06,ZFAS1,si eIF4A3,19.61,R2Q2,NMDtargets,,3,H06,SYBR,MAPK3,HCT_SMG1i_1,20.83904904,ncEJCtargets
C07,ZFAS1,si PYM1,22.08,R2Q2,NMDtargets,,3,H07,SYBR,MYH9,HCT_SMG1i_1,21.01620041,ncEJCtargets
C08,ZFAS1,si PYM1,21.75,R2Q2,NMDtargets,,3,H08,SYBR,MYH9,HCT_SMG1i_1,21.02970783,ncEJCtargets
C09,ZFAS1,si PYM1,21.76,R2Q2,NMDtargets,,3,H09,SYBR,MYH9,HCT_SMG1i_1,21.04283207,ncEJCtargets
C10,ZFAS1,si UPF1,21.22,R2Q2,NMDtargets,,3,H10,SYBR,NOC2L,HCT_SMG1i_1,20.83355091,ncEJCtargets
C11,ZFAS1,si UPF1,22.12,R2Q2,NMDtargets,,3,H11,SYBR,NOC2L,HCT_SMG1i_1,20.73242649,ncEJCtargets
C12,ZFAS1,si UPF1,21.79,R2Q2,NMDtargets,,3,H12,SYBR,NOC2L,HCT_SMG1i_1,20.68963354,ncEJCtargets
D01,GAS5,siNC,17.94,R2Q2,NMDtargets,,4,A01,SYBR,SLC7A5,HEK_DMSO_1,22.37014077,ncEJCtargets
D02,GAS5,siNC,17.98,R2Q2,NMDtargets,,4,A02,SYBR,SLC7A5,HEK_DMSO_1,22.28304419,ncEJCtargets
D03,GAS5,siNC,18.87,R2Q2,NMDtargets,,4,A03,SYBR,SLC7A5,HEK_DMSO_1,22.51131521,ncEJCtargets
D04,GAS5,si eIF4A3,18.82,R2Q2,NMDtargets,,4,A04,SYBR,TRIM28,HEK_DMSO_1,31.95744951,ncEJCtargets
D05,GAS5,si eIF4A3,17.81,R2Q2,NMDtargets,,4,A05,SYBR,TRIM28,HEK_DMSO_1,31.9526283,ncEJCtargets
D06,GAS5,si eIF4A3,18.35,R2Q2,NMDtargets,,4,A06,SYBR,TRIM28,HEK_DMSO_1,28.59987606,ncEJCtargets
D07,GAS5,si PYM1,18.44,R2Q2,NMDtargets,,4,A07,SYBR,USF2,HEK_DMSO_1,19.04594017,ncEJCtargets
D08,GAS5,si PYM1,18.09,R2Q2,NMDtargets,,4,A08,SYBR,USF2,HEK_DMSO_1,18.84057728,ncEJCtargets
D09,GAS5,si PYM1,17.98,R2Q2,NMDtargets,,4,A09,SYBR,USF2,HEK_DMSO_1,18.85272033,ncEJCtargets
D10,GAS5,si UPF1,17.55,R2Q2,NMDtargets,,4,B01,SYBR,SLC7A5,HEK_SMG1i_1,21.76125227,ncEJCtargets
D11,GAS5,si UPF1,18.5,R2Q2,NMDtargets,,4,B02,SYBR,SLC7A5,HEK_SMG1i_1,21.66230514,ncEJCtargets
D12,GAS5,si UPF1,16.44,R2Q2,NMDtargets,,4,B03,SYBR,SLC7A5,HEK_SMG1i_1,21.63455903,ncEJCtargets
E01,GAPDH,siNC,14.06,R2Q2,NMDtargets,,4,B04,SYBR,TRIM28,HEK_SMG1i_1,31.98301703,ncEJCtargets
E02,GAPDH,siNC,13.97,R2Q2,NMDtargets,,4,B05,SYBR,TRIM28,HEK_SMG1i_1,29.14295018,ncEJCtargets
E03,GAPDH,siNC,14.71,R2Q2,NMDtargets,,4,B06,SYBR,TRIM28,HEK_SMG1i_1,28.04581771,ncEJCtargets
E04,GAPDH,si eIF4A3,15.8,R2Q2,NMDtargets,,4,B07,SYBR,USF2,HEK_SMG1i_1,19.32173526,ncEJCtargets
E05,GAPDH,si eIF4A3,15.62,R2Q2,NMDtargets,,4,B08,SYBR,USF2,HEK_SMG1i_1,19.29684596,ncEJCtargets
E06,GAPDH,si eIF4A3,15.75,R2Q2,NMDtargets,,4,B09,SYBR,USF2,HEK_SMG1i_1,19.28449971,ncEJCtargets
E07,GAPDH,si PYM1,14.57,R2Q2,NMDtargets,,4,C01,SYBR,SLC7A5,HEK_DMSO_2,19.68874445,ncEJCtargets
E08,GAPDH,si PYM1,14.25,R2Q2,NMDtargets,,4,C02,SYBR,SLC7A5,HEK_DMSO_2,19.7926568,ncEJCtargets
E09,GAPDH,si PYM1,14.18,R2Q2,NMDtargets,,4,C03,SYBR,SLC7A5,HEK_DMSO_2,19.7829364,ncEJCtargets
E10,GAPDH,si UPF1,13.78,R2Q2,NMDtargets,,4,C04,SYBR,TRIM28,HEK_DMSO_2,32.33649488,ncEJCtargets
E11,GAPDH,si UPF1,14.28,R2Q2,NMDtargets,,4,C05,SYBR,TRIM28,HEK_DMSO_2,33.02598076,ncEJCtargets
E12,GAPDH,si UPF1,13.75,R2Q2,NMDtargets,,4,C06,SYBR,TRIM28,HEK_DMSO_2,32.99055487,ncEJCtargets
F01,SRSF6_PTC+,siNC,22.64,R2Q2,NMDtargets,,4,C07,SYBR,USF2,HEK_DMSO_2,20.95621491,ncEJCtargets
F02,SRSF6_PTC+,siNC,22.67,R2Q2,NMDtargets,,4,C08,SYBR,USF2,HEK_DMSO_2,20.99623336,ncEJCtargets
F03,SRSF6_PTC+,siNC,23.47,R2Q2,NMDtargets,,4,C09,SYBR,USF2,HEK_DMSO_2,20.90118775,ncEJCtargets
F04,SRSF6_PTC+,si eIF4A3,23.12,R2Q2,NMDtargets,,4,D01,SYBR,SLC7A5,HEK_SMG1i_2,19.42011218,ncEJCtargets
F05,SRSF6_PTC+,si eIF4A3,22.68,R2Q2,NMDtargets,,4,D02,SYBR,SLC7A5,HEK_SMG1i_2,19.3959503,ncEJCtargets
F06,SRSF6_PTC+,si eIF4A3,22.75,R2Q2,NMDtargets,,4,D03,SYBR,SLC7A5,HEK_SMG1i_2,19.00321866,ncEJCtargets
F07,SRSF6_PTC+,si PYM1,22.75,R2Q2,NMDtargets,,4,D04,SYBR,TRIM28,HEK_SMG1i_2,31.11815116,ncEJCtargets
F08,SRSF6_PTC+,si PYM1,22.78,R2Q2,NMDtargets,,4,D05,SYBR,TRIM28,HEK_SMG1i_2,30.28414799,ncEJCtargets
F09,SRSF6_PTC+,si PYM1,22.72,R2Q2,NMDtargets,,4,D06,SYBR,TRIM28,HEK_SMG1i_2,30.34459738,ncEJCtargets
F10,SRSF6_PTC+,si UPF1,22.01,R2Q2,NMDtargets,,4,D07,SYBR,USF2,HEK_SMG1i_2,20.91825944,ncEJCtargets
F11,SRSF6_PTC+,si UPF1,22.32,R2Q2,NMDtargets,,4,D08,SYBR,USF2,HEK_SMG1i_2,21.27019568,ncEJCtargets
F12,SRSF6_PTC+,si UPF1,22.41,R2Q2,NMDtargets,,4,D09,SYBR,USF2,HEK_SMG1i_2,21.28612454,ncEJCtargets
A01,RPS9_PTC+,siNC,18.29,R3Q1,NMDtargets,,4,E01,SYBR,SLC7A5,HEK_DMSO_3,22.39685082,ncEJCtargets
A02,RPS9_PTC+,siNC,18.83,R3Q1,NMDtargets,,4,E02,SYBR,SLC7A5,HEK_DMSO_3,22.53911794,ncEJCtargets
A03,RPS9_PTC+,siNC,19.03,R3Q1,NMDtargets,,4,E03,SYBR,SLC7A5,HEK_DMSO_3,22.51918862,ncEJCtargets
A04,RPS9_PTC+,si eIF4A3,19.37,R3Q1,NMDtargets,,4,E04,SYBR,TRIM28,HEK_DMSO_3,28.25181075,ncEJCtargets
A05,RPS9_PTC+,si eIF4A3,19.37,R3Q1,NMDtargets,,4,E05,SYBR,TRIM28,HEK_DMSO_3,32.15920062,ncEJCtargets
A06,RPS9_PTC+,si eIF4A3,19.24,R3Q1,NMDtargets,,4,E06,SYBR,TRIM28,HEK_DMSO_3,27.55978536,ncEJCtargets
A07,RPS9_PTC+,si PYM1,17.78,R3Q1,NMDtargets,,4,E07,SYBR,USF2,HEK_DMSO_3,18.94631537,ncEJCtargets
A08,RPS9_PTC+,si PYM1,19.06,R3Q1,NMDtargets,,4,E08,SYBR,USF2,HEK_DMSO_3,19.02570132,ncEJCtargets
A09,RPS9_PTC+,si PYM1,19.24,R3Q1,NMDtargets,,4,E09,SYBR,USF2,HEK_DMSO_3,19.03193244,ncEJCtargets
A10,RPS9_PTC+,si UPF1,19.34,R3Q1,NMDtargets,,4,F01,SYBR,SLC7A5,HEK_SMG1i_3,22.72326595,ncEJCtargets
A11,RPS9_PTC+,si UPF1,19.28,R3Q1,NMDtargets,,4,F02,SYBR,SLC7A5,HEK_SMG1i_3,22.7883771,ncEJCtargets
A12,RPS9_PTC+,si UPF1,19.32,R3Q1,NMDtargets,,4,F03,SYBR,SLC7A5,HEK_SMG1i_3,22.86970152,ncEJCtargets
B01,RPS9_NOR,siNC,19.41,R3Q1,NMDtargets,,4,F04,SYBR,TRIM28,HEK_SMG1i_3,31.51729975,ncEJCtargets
B02,RPS9_NOR,siNC,19.02,R3Q1,NMDtargets,,4,F05,SYBR,TRIM28,HEK_SMG1i_3,36.27403163,ncEJCtargets
B03,RPS9_NOR,siNC,18.9,R3Q1,NMDtargets,,4,F06,SYBR,TRIM28,HEK_SMG1i_3,32.07364629,ncEJCtargets
B04,RPS9_NOR,si eIF4A3,19.57,R3Q1,NMDtargets,,4,F07,SYBR,USF2,HEK_SMG1i_3,19.88206933,ncEJCtargets
B05,RPS9_NOR,si eIF4A3,18.86,R3Q1,NMDtargets,,4,F08,SYBR,USF2,HEK_SMG1i_3,19.90139842,ncEJCtargets
B06,RPS9_NOR,si eIF4A3,18.8,R3Q1,NMDtargets,,4,F09,SYBR,USF2,HEK_SMG1i_3,19.88621639,ncEJCtargets
B07,RPS9_NOR,si PYM1,19.97,R3Q1,NMDtargets,,4,G01,SYBR,SLC7A5,HCT_DMSO_1,19.86101506,ncEJCtargets
B08,RPS9_NOR,si PYM1,19.86,R3Q1,NMDtargets,,4,G02,SYBR,SLC7A5,HCT_DMSO_1,19.78711817,ncEJCtargets
B09,RPS9_NOR,si PYM1,19.78,R3Q1,NMDtargets,,4,G03,SYBR,SLC7A5,HCT_DMSO_1,19.88474699,ncEJCtargets
B10,RPS9_NOR,si UPF1,20.29,R3Q1,NMDtargets,,4,G04,SYBR,TRIM28,HCT_DMSO_1,32.67709343,ncEJCtargets
B11,RPS9_NOR,si UPF1,20.2,R3Q1,NMDtargets,,4,G05,SYBR,TRIM28,HCT_DMSO_1,32.90810779,ncEJCtargets
B12,RPS9_NOR,si UPF1,20.17,R3Q1,NMDtargets,,4,G06,SYBR,TRIM28,HCT_DMSO_1,32.96220754,ncEJCtargets
C01,GAPDH,siNC,17.97,R3Q1,NMDtargets,,4,G07,SYBR,USF2,HCT_DMSO_1,20.96351344,ncEJCtargets
C02,GAPDH,siNC,17.71,R3Q1,NMDtargets,,4,G08,SYBR,USF2,HCT_DMSO_1,20.98567844,ncEJCtargets
C03,GAPDH,siNC,17.76,R3Q1,NMDtargets,,4,G09,SYBR,USF2,HCT_DMSO_1,20.94358846,ncEJCtargets
C04,GAPDH,si eIF4A3,18.16,R3Q1,NMDtargets,,4,H01,SYBR,SLC7A5,HCT_SMG1i_1,19.66715543,ncEJCtargets
C05,GAPDH,si eIF4A3,18.21,R3Q1,NMDtargets,,4,H02,SYBR,SLC7A5,HCT_SMG1i_1,19.76299019,ncEJCtargets
C06,GAPDH,si eIF4A3,18.13,R3Q1,NMDtargets,,4,H03,SYBR,SLC7A5,HCT_SMG1i_1,19.74264232,ncEJCtargets
C07,GAPDH,si PYM1,18.61,R3Q1,NMDtargets,,4,H04,SYBR,TRIM28,HCT_SMG1i_1,29.85994187,ncEJCtargets
C08,GAPDH,si PYM1,18.35,R3Q1,NMDtargets,,4,H05,SYBR,TRIM28,HCT_SMG1i_1,30.16756471,ncEJCtargets
C09,GAPDH,si PYM1,18.02,R3Q1,NMDtargets,,4,H06,SYBR,TRIM28,HCT_SMG1i_1,29.78146358,ncEJCtargets
C10,GAPDH,si UPF1,18.09,R3Q1,NMDtargets,,4,H07,SYBR,USF2,HCT_SMG1i_1,21.49804983,ncEJCtargets
C11,GAPDH,si UPF1,17.74,R3Q1,NMDtargets,,4,H08,SYBR,USF2,HCT_SMG1i_1,21.58018859,ncEJCtargets
C12,GAPDH,si UPF1,17.68,R3Q1,NMDtargets,,4,H09,SYBR,USF2,HCT_SMG1i_1,21.62309828,ncEJCtargets
D01,B-actin,siNC,18.96,R3Q1,NMDtargets,,5,A01,SYBR,ACTB,HEK_DMSO_4,14.72945925,ncEJCtargets
D02,B-actin,siNC,18.76,R3Q1,NMDtargets,,5,A02,SYBR,ACTB,HEK_DMSO_4,14.74873756,ncEJCtargets
D03,B-actin,siNC,18.53,R3Q1,NMDtargets,,5,A03,SYBR,ACTB,HEK_DMSO_4,14.7613449,ncEJCtargets
D04,B-actin,si eIF4A3,19.16,R3Q1,NMDtargets,,5,A04,SYBR,ACTB,HEK_DMSO_5,14.85584893,ncEJCtargets
D05,B-actin,si eIF4A3,18.92,R3Q1,NMDtargets,,5,A05,SYBR,ACTB,HEK_DMSO_5,14.97895115,ncEJCtargets
D06,B-actin,si eIF4A3,19.24,R3Q1,NMDtargets,,5,A06,SYBR,ACTB,HEK_DMSO_5,14.91613215,ncEJCtargets
D07,B-actin,si PYM1,18.17,R3Q1,NMDtargets,,5,A07,SYBR,ACTB,HEK_SMG1i_4,14.99681369,ncEJCtargets
D08,B-actin,si PYM1,18.24,R3Q1,NMDtargets,,5,A08,SYBR,ACTB,HEK_SMG1i_4,15.14110329,ncEJCtargets
D09,B-actin,si PYM1,17.5,R3Q1,NMDtargets,,5,A09,SYBR,ACTB,HEK_SMG1i_4,15.26944356,ncEJCtargets
D10,B-actin,si UPF1,17.36,R3Q1,NMDtargets,,5,A10,SYBR,ACTB,HEK_SMG1i_5,14.88267422,ncEJCtargets
D11,B-actin,si UPF1,15.54,R3Q1,NMDtargets,,5,A11,SYBR,ACTB,HEK_SMG1i_5,15.06100133,ncEJCtargets
D12,B-actin,si UPF1,14.78,R3Q1,NMDtargets,,5,A12,SYBR,ACTB,HEK_SMG1i_5,15.11267471,ncEJCtargets
E01,SRSF3_PTC+,siNC,25.88,R3Q1,NMDtargets,,5,B01,SYBR,SRSF3_NOR,HEK_DMSO_4,18.56611127,ncEJCtargets
E02,SRSF3_PTC+,siNC,24.91,R3Q1,NMDtargets,,5,B02,SYBR,SRSF3_NOR,HEK_DMSO_4,18.52563343,ncEJCtargets
E03,SRSF3_PTC+,siNC,25.09,R3Q1,NMDtargets,,5,B03,SYBR,SRSF3_NOR,HEK_DMSO_4,18.4577157,ncEJCtargets
E04,SRSF3_PTC+,si eIF4A3,23.15,R3Q1,NMDtargets,,5,B04,SYBR,SRSF3_NOR,HEK_DMSO_5,18.66615743,ncEJCtargets
E05,SRSF3_PTC+,si eIF4A3,21.47,R3Q1,NMDtargets,,5,B05,SYBR,SRSF3_NOR,HEK_DMSO_5,18.88823283,ncEJCtargets
E06,SRSF3_PTC+,si eIF4A3,20.91,R3Q1,NMDtargets,,5,B06,SYBR,SRSF3_NOR,HEK_DMSO_5,18.66804607,ncEJCtargets
E07,SRSF3_PTC+,si PYM1,23.65,R3Q1,NMDtargets,,5,B07,SYBR,SRSF3_NOR,HEK_SMG1i_4,19.13810355,ncEJCtargets
E08,SRSF3_PTC+,si PYM1,24.47,R3Q1,NMDtargets,,5,B08,SYBR,SRSF3_NOR,HEK_SMG1i_4,18.97031076,ncEJCtargets
E09,SRSF3_PTC+,si PYM1,24.37,R3Q1,NMDtargets,,5,B09,SYBR,SRSF3_NOR,HEK_SMG1i_4,19.08136419,ncEJCtargets
E10,SRSF3_PTC+,si UPF1,24.43,R3Q1,NMDtargets,,5,B10,SYBR,SRSF3_NOR,HEK_SMG1i_5,18.94999051,ncEJCtargets
E11,SRSF3_PTC+,si UPF1,23.85,R3Q1,NMDtargets,,5,B11,SYBR,SRSF3_NOR,HEK_SMG1i_5,18.96180559,ncEJCtargets
E12,SRSF3_PTC+,si UPF1,23.95,R3Q1,NMDtargets,,5,B12,SYBR,SRSF3_NOR,HEK_SMG1i_5,18.95990568,ncEJCtargets
F01,SRSF3_NOR,siNC,19.78,R3Q1,NMDtargets,,5,C01,SYBR,SRSF3_PTC,HEK_DMSO_4,20.11238932,ncEJCtargets
F02,SRSF3_NOR,siNC,18.81,R3Q1,NMDtargets,,5,C02,SYBR,SRSF3_PTC,HEK_DMSO_4,20.21534311,ncEJCtargets
F03,SRSF3_NOR,siNC,18.99,R3Q1,NMDtargets,,5,C03,SYBR,SRSF3_PTC,HEK_DMSO_4,20.08979512,ncEJCtargets
F04,SRSF3_NOR,si eIF4A3,19.93,R3Q1,NMDtargets,,5,C04,SYBR,SRSF3_PTC,HEK_DMSO_5,20.17848931,ncEJCtargets
F05,SRSF3_NOR,si eIF4A3,19.84,R3Q1,NMDtargets,,5,C05,SYBR,SRSF3_PTC,HEK_DMSO_5,20.22597827,ncEJCtargets
F06,SRSF3_NOR,si eIF4A3,20.88,R3Q1,NMDtargets,,5,C06,SYBR,SRSF3_PTC,HEK_DMSO_5,20.1983299,ncEJCtargets
F07,SRSF3_NOR,si PYM1,19.86,R3Q1,NMDtargets,,5,C07,SYBR,SRSF3_PTC,HEK_SMG1i_4,18.18797132,ncEJCtargets
F08,SRSF3_NOR,si PYM1,19.89,R3Q1,NMDtargets,,5,C08,SYBR,SRSF3_PTC,HEK_SMG1i_4,18.16716424,ncEJCtargets
F09,SRSF3_NOR,si PYM1,20.01,R3Q1,NMDtargets,,5,C09,SYBR,SRSF3_PTC,HEK_SMG1i_4,18.04062854,ncEJCtargets
F10,SRSF3_NOR,si UPF1,19.97,R3Q1,NMDtargets,,5,C10,SYBR,SRSF3_PTC,HEK_SMG1i_5,18.14745179,ncEJCtargets
F11,SRSF3_NOR,si UPF1,19.66,R3Q1,NMDtargets,,5,C11,SYBR,SRSF3_PTC,HEK_SMG1i_5,18.10859759,ncEJCtargets
F12,SRSF3_NOR,si UPF1,19.97,R3Q1,NMDtargets,,5,C12,SYBR,SRSF3_PTC,HEK_SMG1i_5,18.0171833,ncEJCtargets
G01,RSRC2_PTC+,siNC,22.65,R3Q1,NMDtargets,,5,D01,SYBR,BRD2,HEK_DMSO_4,16.10538029,ncEJCtargets
G02,RSRC2_PTC+,siNC,22.07,R3Q1,NMDtargets,,5,D02,SYBR,BRD2,HEK_DMSO_4,16.07586702,ncEJCtargets
G03,RSRC2_PTC+,siNC,22.01,R3Q1,NMDtargets,,5,D03,SYBR,BRD2,HEK_DMSO_4,16.06446409,ncEJCtargets
G04,RSRC2_PTC+,si eIF4A3,19.51,R3Q1,NMDtargets,,5,D04,SYBR,BRD2,HEK_DMSO_5,16.03258347,ncEJCtargets
G05,RSRC2_PTC+,si eIF4A3,19.31,R3Q1,NMDtargets,,5,D05,SYBR,BRD2,HEK_DMSO_5,16.22902762,ncEJCtargets
G06,RSRC2_PTC+,si eIF4A3,19.33,R3Q1,NMDtargets,,5,D06,SYBR,BRD2,HEK_DMSO_5,16.31741296,ncEJCtargets
G07,RSRC2_PTC+,si PYM1,21.28,R3Q1,NMDtargets,,5,D07,SYBR,BRD2,HEK_SMG1i_4,14.66801104,ncEJCtargets
G08,RSRC2_PTC+,si PYM1,21.57,R3Q1,NMDtargets,,5,D08,SYBR,BRD2,HEK_SMG1i_4,14.60077607,ncEJCtargets
G09,RSRC2_PTC+,si PYM1,21.76,R3Q1,NMDtargets,,5,D09,SYBR,BRD2,HEK_SMG1i_4,14.72499348,ncEJCtargets
G10,RSRC2_PTC+,si UPF1,21.54,R3Q1,NMDtargets,,5,D10,SYBR,BRD2,HEK_SMG1i_5,14.83236192,ncEJCtargets
G11,RSRC2_PTC+,si UPF1,21.66,R3Q1,NMDtargets,,5,D11,SYBR,BRD2,HEK_SMG1i_5,14.94334007,ncEJCtargets
G12,RSRC2_PTC+,si UPF1,22.18,R3Q1,NMDtargets,,5,D12,SYBR,BRD2,HEK_SMG1i_5,14.53216474,ncEJCtargets
H01,RSRC2_NOR,siNC,19.9,R3Q1,NMDtargets,,5,E01,SYBR,CAPN1,HEK_DMSO_4,21.67387157,ncEJCtargets
H02,RSRC2_NOR,siNC,19.65,R3Q1,NMDtargets,,5,E02,SYBR,CAPN1,HEK_DMSO_4,21.79861452,ncEJCtargets
H03,RSRC2_NOR,siNC,19.71,R3Q1,NMDtargets,,5,E03,SYBR,CAPN1,HEK_DMSO_4,21.85424126,ncEJCtargets
H04,RSRC2_NOR,si eIF4A3,18.7,R3Q1,NMDtargets,,5,E04,SYBR,CAPN1,HEK_DMSO_5,21.73084906,ncEJCtargets
H05,RSRC2_NOR,si eIF4A3,18.78,R3Q1,NMDtargets,,5,E05,SYBR,CAPN1,HEK_DMSO_5,21.84341191,ncEJCtargets
H06,RSRC2_NOR,si eIF4A3,18.92,R3Q1,NMDtargets,,5,E06,SYBR,CAPN1,HEK_DMSO_5,21.90106514,ncEJCtargets
H07,RSRC2_NOR,si PYM1,18.67,R3Q1,NMDtargets,,5,E07,SYBR,CAPN1,HEK_SMG1i_4,21.8237251,ncEJCtargets
H08,RSRC2_NOR,si PYM1,19.72,R3Q1,NMDtargets,,5,E08,SYBR,CAPN1,HEK_SMG1i_4,21.84522888,ncEJCtargets
H09,RSRC2_NOR,si PYM1,19.5,R3Q1,NMDtargets,,5,E09,SYBR,CAPN1,HEK_SMG1i_4,21.80572626,ncEJCtargets
H10,RSRC2_NOR,si UPF1,19.98,R3Q1,NMDtargets,,5,E10,SYBR,CAPN1,HEK_SMG1i_5,21.90713284,ncEJCtargets
H11,RSRC2_NOR,si UPF1,20.36,R3Q1,NMDtargets,,5,E11,SYBR,CAPN1,HEK_SMG1i_5,21.91945528,ncEJCtargets
H12,RSRC2_NOR,si UPF1,20.5,R3Q1,NMDtargets,,5,E12,SYBR,CAPN1,HEK_SMG1i_5,21.80796306,ncEJCtargets
A01,SRSF2_PTC+,siNC,26.2,R3Q2,NMDtargets,,5,F01,SYBR,DAZAP1,HEK_DMSO_4,16.9157167,ncEJCtargets
A02,SRSF2_PTC+,siNC,26.23,R3Q2,NMDtargets,,5,F02,SYBR,DAZAP1,HEK_DMSO_4,17.01563858,ncEJCtargets
A03,SRSF2_PTC+,siNC,26.03,R3Q2,NMDtargets,,5,F03,SYBR,DAZAP1,HEK_DMSO_4,16.96205975,ncEJCtargets
A04,SRSF2_PTC+,si eIF4A3,23.26,R3Q2,NMDtargets,,5,F04,SYBR,DAZAP1,HEK_DMSO_5,16.94238078,ncEJCtargets
A05,SRSF2_PTC+,si eIF4A3,23.27,R3Q2,NMDtargets,,5,F05,SYBR,DAZAP1,HEK_DMSO_5,17.02487487,ncEJCtargets
A06,SRSF2_PTC+,si eIF4A3,23.52,R3Q2,NMDtargets,,5,F06,SYBR,DAZAP1,HEK_DMSO_5,17.04762627,ncEJCtargets
A07,SRSF2_PTC+,si PYM1,26.2,R3Q2,NMDtargets,,5,F07,SYBR,DAZAP1,HEK_SMG1i_4,17.29750105,ncEJCtargets
A08,SRSF2_PTC+,si PYM1,26.17,R3Q2,NMDtargets,,5,F08,SYBR,DAZAP1,HEK_SMG1i_4,17.28912272,ncEJCtargets
A09,SRSF2_PTC+,si PYM1,26.11,R3Q2,NMDtargets,,5,F09,SYBR,DAZAP1,HEK_SMG1i_4,17.23485148,ncEJCtargets
A10,SRSF2_PTC+,si UPF1,25.81,R3Q2,NMDtargets,,5,F10,SYBR,DAZAP1,HEK_SMG1i_5,17.45702559,ncEJCtargets
A11,SRSF2_PTC+,si UPF1,26.29,R3Q2,NMDtargets,,5,F11,SYBR,DAZAP1,HEK_SMG1i_5,17.37003562,ncEJCtargets
A12,SRSF2_PTC+,si UPF1,26.82,R3Q2,NMDtargets,,5,F12,SYBR,DAZAP1,HEK_SMG1i_5,17.29129147,ncEJCtargets
B01,SRSF2_NOR,siNC,20.08,R3Q2,NMDtargets,,5,G01,SYBR,EIF4G1,HEK_DMSO_4,17.19025811,ncEJCtargets
B02,SRSF2_NOR,siNC,20.08,R3Q2,NMDtargets,,5,G02,SYBR,EIF4G1,HEK_DMSO_4,17.33195398,ncEJCtargets
B03,SRSF2_NOR,siNC,19.83,R3Q2,NMDtargets,,5,G03,SYBR,EIF4G1,HEK_DMSO_4,17.32347708,ncEJCtargets
B04,SRSF2_NOR,si eIF4A3,21.82,R3Q2,NMDtargets,,5,G04,SYBR,EIF4G1,HEK_DMSO_5,17.4349718,ncEJCtargets
B05,SRSF2_NOR,si eIF4A3,21.36,R3Q2,NMDtargets,,5,G05,SYBR,EIF4G1,HEK_DMSO_5,17.57874086,ncEJCtargets
B06,SRSF2_NOR,si eIF4A3,21.01,R3Q2,NMDtargets,,5,G06,SYBR,EIF4G1,HEK_DMSO_5,17.56306603,ncEJCtargets
B07,SRSF2_NOR,si PYM1,20.66,R3Q2,NMDtargets,,5,G07,SYBR,EIF4G1,HEK_SMG1i_4,17.90445155,ncEJCtargets
B08,SRSF2_NOR,si PYM1,20.94,R3Q2,NMDtargets,,5,G08,SYBR,EIF4G1,HEK_SMG1i_4,17.85066537,ncEJCtargets
B09,SRSF2_NOR,si PYM1,20.8,R3Q2,NMDtargets,,5,G09,SYBR,EIF4G1,HEK_SMG1i_4,17.91181204,ncEJCtargets
B10,SRSF2_NOR,si UPF1,20.87,R3Q2,NMDtargets,,5,G10,SYBR,EIF4G1,HEK_SMG1i_5,17.74332897,ncEJCtargets
B11,SRSF2_NOR,si UPF1,21.18,R3Q2,NMDtargets,,5,G11,SYBR,EIF4G1,HEK_SMG1i_5,17.79536428,ncEJCtargets
B12,SRSF2_NOR,si UPF1,21.5,R3Q2,NMDtargets,,5,G12,SYBR,EIF4G1,HEK_SMG1i_5,17.88021996,ncEJCtargets
C01,GAPDH,siNC,17.65,R3Q2,NMDtargets,,5,H01,SYBR,EPHA2,HEK_DMSO_4,21.60109958,ncEJCtargets
C02,GAPDH,siNC,17.51,R3Q2,NMDtargets,,5,H02,SYBR,EPHA2,HEK_DMSO_4,21.7920196,ncEJCtargets
C03,GAPDH,siNC,17.32,R3Q2,NMDtargets,,5,H03,SYBR,EPHA2,HEK_DMSO_4,21.78932929,ncEJCtargets
C04,GAPDH,si eIF4A3,17.92,R3Q2,NMDtargets,,5,H04,SYBR,EPHA2,HEK_DMSO_5,21.68696729,ncEJCtargets
C05,GAPDH,si eIF4A3,18.17,R3Q2,NMDtargets,,5,H05,SYBR,EPHA2,HEK_DMSO_5,21.73508948,ncEJCtargets
C06,GAPDH,si eIF4A3,18.42,R3Q2,NMDtargets,,5,H06,SYBR,EPHA2,HEK_DMSO_5,21.76361795,ncEJCtargets
C07,GAPDH,si PYM1,17.83,R3Q2,NMDtargets,,5,H07,SYBR,EPHA2,HEK_SMG1i_4,21.71203779,ncEJCtargets
C08,GAPDH,si PYM1,18.33,R3Q2,NMDtargets,,5,H08,SYBR,EPHA2,HEK_SMG1i_4,21.78391484,ncEJCtargets
C09,GAPDH,si PYM1,18.51,R3Q2,NMDtargets,,5,H09,SYBR,EPHA2,HEK_SMG1i_4,21.75628317,ncEJCtargets
C10,GAPDH,si UPF1,17.85,R3Q2,NMDtargets,,5,H10,SYBR,EPHA2,HEK_SMG1i_5,21.80766704,ncEJCtargets
C11,GAPDH,si UPF1,17.93,R3Q2,NMDtargets,,5,H11,SYBR,EPHA2,HEK_SMG1i_5,21.8059328,ncEJCtargets
C12,GAPDH,si UPF1,18.11,R3Q2,NMDtargets,,5,H12,SYBR,EPHA2,HEK_SMG1i_5,21.75177813,ncEJCtargets
D01,B-actin,siNC,17.12,R3Q2,NMDtargets,,6,A01,SYBR,FOXK1,HEK_DMSO_4,22.14595602,ncEJCtargets
D02,B-actin,siNC,17.43,R3Q2,NMDtargets,,6,A02,SYBR,FOXK1,HEK_DMSO_4,22.40344136,ncEJCtargets
D03,B-actin,siNC,17.75,R3Q2,NMDtargets,,6,A03,SYBR,FOXK1,HEK_DMSO_4,22.5414254,ncEJCtargets
D04,B-actin,si eIF4A3,18.65,R3Q2,NMDtargets,,6,A04,SYBR,FOXK1,HEK_DMSO_5,22.62115461,ncEJCtargets
D05,B-actin,si eIF4A3,18.28,R3Q2,NMDtargets,,6,A05,SYBR,FOXK1,HEK_DMSO_5,22.72388569,ncEJCtargets
D06,B-actin,si eIF4A3,18.73,R3Q2,NMDtargets,,6,A06,SYBR,FOXK1,HEK_DMSO_5,22.71874006,ncEJCtargets
D07,B-actin,si PYM1,16.48,R3Q2,NMDtargets,,6,A07,SYBR,FOXK1,HEK_SMG1i_4,22.21968397,ncEJCtargets
D08,B-actin,si PYM1,17.57,R3Q2,NMDtargets,,6,A08,SYBR,FOXK1,HEK_SMG1i_4,22.32585619,ncEJCtargets
D09,B-actin,si PYM1,17.72,R3Q2,NMDtargets,,6,A09,SYBR,FOXK1,HEK_SMG1i_4,22.52936197,ncEJCtargets
D10,B-actin,si UPF1,17.13,R3Q2,NMDtargets,,6,A10,SYBR,FOXK1,HEK_SMG1i_5,22.31194124,ncEJCtargets
D11,B-actin,si UPF1,17.83,R3Q2,NMDtargets,,6,A11,SYBR,FOXK1,HEK_SMG1i_5,22.24663217,ncEJCtargets
D12,B-actin,si UPF1,15.87,R3Q2,NMDtargets,,6,A12,SYBR,FOXK1,HEK_SMG1i_5,22.01833438,ncEJCtargets
E01,ZFAS1,siNC,19.68,R3Q2,NMDtargets,,6,B01,SYBR,MAPK3,HEK_DMSO_4,19.99640393,ncEJCtargets
E02,ZFAS1,siNC,19.85,R3Q2,NMDtargets,,6,B02,SYBR,MAPK3,HEK_DMSO_4,20.03986591,ncEJCtargets
E03,ZFAS1,siNC,19.88,R3Q2,NMDtargets,,6,B03,SYBR,MAPK3,HEK_DMSO_4,20.02779703,ncEJCtargets
E04,ZFAS1,si eIF4A3,17.38,R3Q2,NMDtargets,,6,B04,SYBR,MAPK3,HEK_DMSO_5,19.97201774,ncEJCtargets
E05,ZFAS1,si eIF4A3,16.86,R3Q2,NMDtargets,,6,B05,SYBR,MAPK3,HEK_DMSO_5,20.09365853,ncEJCtargets
E06,ZFAS1,si eIF4A3,16.68,R3Q2,NMDtargets,,6,B06,SYBR,MAPK3,HEK_DMSO_5,20.14472683,ncEJCtargets
E07,ZFAS1,si PYM1,19.72,R3Q2,NMDtargets,,6,B07,SYBR,MAPK3,HEK_SMG1i_4,19.86343596,ncEJCtargets
E08,ZFAS1,si PYM1,19.6,R3Q2,NMDtargets,,6,B08,SYBR,MAPK3,HEK_SMG1i_4,19.79902335,ncEJCtargets
E09,ZFAS1,si PYM1,19.56,R3Q2,NMDtargets,,6,B09,SYBR,MAPK3,HEK_SMG1i_4,19.85278671,ncEJCtargets
E10,ZFAS1,si UPF1,19.27,R3Q2,NMDtargets,,6,B10,SYBR,MAPK3,HEK_SMG1i_5,19.76012284,ncEJCtargets
E11,ZFAS1,si UPF1,19.85,R3Q2,NMDtargets,,6,B11,SYBR,MAPK3,HEK_SMG1i_5,19.76640238,ncEJCtargets
E12,ZFAS1,si UPF1,19.96,R3Q2,NMDtargets,,6,B12,SYBR,MAPK3,HEK_SMG1i_5,19.74041831,ncEJCtargets
F01,GAS5,siNC,16.02,R3Q2,NMDtargets,,6,C01,SYBR,MYH9,HEK_DMSO_4,21.48737562,ncEJCtargets
F02,GAS5,siNC,16.32,R3Q2,NMDtargets,,6,C02,SYBR,MYH9,HEK_DMSO_4,21.94382109,ncEJCtargets
F03,GAS5,siNC,16.14,R3Q2,NMDtargets,,6,C03,SYBR,MYH9,HEK_DMSO_4,21.86748138,ncEJCtargets
F04,GAS5,si eIF4A3,15.61,R3Q2,NMDtargets,,6,C04,SYBR,MYH9,HEK_DMSO_5,21.75680822,ncEJCtargets
F05,GAS5,si eIF4A3,14.9,R3Q2,NMDtargets,,6,C05,SYBR,MYH9,HEK_DMSO_5,21.84813981,ncEJCtargets
F06,GAS5,si eIF4A3,15,R3Q2,NMDtargets,,6,C06,SYBR,MYH9,HEK_DMSO_5,21.98980926,ncEJCtargets
F07,GAS5,si PYM1,16.32,R3Q2,NMDtargets,,6,C07,SYBR,MYH9,HEK_SMG1i_4,21.61465764,ncEJCtargets
F08,GAS5,si PYM1,16.96,R3Q2,NMDtargets,,6,C08,SYBR,MYH9,HEK_SMG1i_4,21.55992129,ncEJCtargets
F09,GAS5,si PYM1,16.52,R3Q2,NMDtargets,,6,C09,SYBR,MYH9,HEK_SMG1i_4,21.80873008,ncEJCtargets
F10,GAS5,si UPF1,16.4,R3Q2,NMDtargets,,6,C10,SYBR,MYH9,HEK_SMG1i_5,21.82433956,ncEJCtargets
F11,GAS5,si UPF1,16.01,R3Q2,NMDtargets,,6,C11,SYBR,MYH9,HEK_SMG1i_5,21.59209166,ncEJCtargets
F12,GAS5,si UPF1,15.9,R3Q2,NMDtargets,,6,C12,SYBR,MYH9,HEK_SMG1i_5,21.20851738,ncEJCtargets
G01,SRSF6_PTC+,siNC,22.64,R3Q2,NMDtargets,,6,D01,SYBR,SLC7A5,HEK_DMSO_4,21.08060345,ncEJCtargets
G02,SRSF6_PTC+,siNC,22.87,R3Q2,NMDtargets,,6,D02,SYBR,SLC7A5,HEK_DMSO_4,21.07810232,ncEJCtargets
G03,SRSF6_PTC+,siNC,22.73,R3Q2,NMDtargets,,6,D03,SYBR,SLC7A5,HEK_DMSO_4,21.11365484,ncEJCtargets
G04,SRSF6_PTC+,si eIF4A3,21.95,R3Q2,NMDtargets,,6,D04,SYBR,SLC7A5,HEK_DMSO_5,21.10561378,ncEJCtargets
G05,SRSF6_PTC+,si eIF4A3,21.91,R3Q2,NMDtargets,,6,D05,SYBR,SLC7A5,HEK_DMSO_5,21.18643135,ncEJCtargets
G06,SRSF6_PTC+,si eIF4A3,22.42,R3Q2,NMDtargets,,6,D06,SYBR,SLC7A5,HEK_DMSO_5,21.28350134,ncEJCtargets
G07,SRSF6_PTC+,si PYM1,23.11,R3Q2,NMDtargets,,6,D07,SYBR,SLC7A5,HEK_SMG1i_4,20.06114849,ncEJCtargets
G08,SRSF6_PTC+,si PYM1,23.05,R3Q2,NMDtargets,,6,D08,SYBR,SLC7A5,HEK_SMG1i_4,19.99454973,ncEJCtargets
G09,SRSF6_PTC+,si PYM1,22.84,R3Q2,NMDtargets,,6,D09,SYBR,SLC7A5,HEK_SMG1i_4,20.08680739,ncEJCtargets
G10,SRSF6_PTC+,si UPF1,22.36,R3Q2,NMDtargets,,6,D10,SYBR,SLC7A5,HEK_SMG1i_5,20.06882397,ncEJCtargets
G11,SRSF6_PTC+,si UPF1,22.29,R3Q2,NMDtargets,,6,D11,SYBR,SLC7A5,HEK_SMG1i_5,20.01278071,ncEJCtargets
G12,SRSF6_PTC+,si UPF1,22.74,R3Q2,NMDtargets,,6,D12,SYBR,SLC7A5,HEK_SMG1i_5,19.92714268,ncEJCtargets
A01,RPS9_PTC+,siNC,18.56,R2Q3,NMDtargets,,6,E01,SYBR,USF2,HEK_DMSO_4,18.57031247,ncEJCtargets
A02,RPS9_PTC+,siNC,18.29,R2Q3,NMDtargets,,6,E02,SYBR,USF2,HEK_DMSO_4,18.52972109,ncEJCtargets
A03,RPS9_PTC+,siNC,18.44,R2Q3,NMDtargets,,6,E03,SYBR,USF2,HEK_DMSO_4,18.41473119,ncEJCtargets
A04,RPS9_PTC+,si eIF4A3,20.2,R2Q3,NMDtargets,,6,E04,SYBR,USF2,HEK_DMSO_5,18.33913924,ncEJCtargets
A05,RPS9_PTC+,si eIF4A3,19.82,R2Q3,NMDtargets,,6,E05,SYBR,USF2,HEK_DMSO_5,18.47779896,ncEJCtargets
A06,RPS9_PTC+,si eIF4A3,19.29,R2Q3,NMDtargets,,6,E06,SYBR,USF2,HEK_DMSO_5,18.50105858,ncEJCtargets
A07,RPS9_PTC+,si PYM1,19.37,R2Q3,NMDtargets,,6,E07,SYBR,USF2,HEK_SMG1i_4,18.84374524,ncEJCtargets
A08,RPS9_PTC+,si PYM1,19.45,R2Q3,NMDtargets,,6,E08,SYBR,USF2,HEK_SMG1i_4,18.70996818,ncEJCtargets
A09,RPS9_PTC+,si PYM1,19.69,R2Q3,NMDtargets,,6,E09,SYBR,USF2,HEK_SMG1i_4,18.81082063,ncEJCtargets
A10,RPS9_PTC+,si UPF1,19.96,R2Q3,NMDtargets,,6,E10,SYBR,USF2,HEK_SMG1i_5,18.74376302,ncEJCtargets
A11,RPS9_PTC+,si UPF1,20.45,R2Q3,NMDtargets,,6,E11,SYBR,USF2,HEK_SMG1i_5,18.8019298,ncEJCtargets
A12,RPS9_PTC+,si UPF1,19.81,R2Q3,NMDtargets,,6,E12,SYBR,USF2,HEK_SMG1i_5,18.80946866,ncEJCtargets
B01,RPS9_NOR,siNC,16.46,R2Q3,NMDtargets,,6,F01,SYBR,DYNC1H1,HEK_DMSO_4,19.54244673,ncEJCtargets
B02,RPS9_NOR,siNC,16.81,R2Q3,NMDtargets,,6,F02,SYBR,DYNC1H1,HEK_DMSO_4,19.583615,ncEJCtargets
B03,RPS9_NOR,siNC,16.91,R2Q3,NMDtargets,,6,F03,SYBR,DYNC1H1,HEK_DMSO_4,19.52925031,ncEJCtargets
B04,RPS9_NOR,si eIF4A3,18.4,R2Q3,NMDtargets,,6,F04,SYBR,DYNC1H1,HEK_DMSO_5,19.43702561,ncEJCtargets
B05,RPS9_NOR,si eIF4A3,17.9,R2Q3,NMDtargets,,6,F05,SYBR,DYNC1H1,HEK_DMSO_5,19.56395692,ncEJCtargets
B06,RPS9_NOR,si eIF4A3,16.79,R2Q3,NMDtargets,,6,F06,SYBR,DYNC1H1,HEK_DMSO_5,19.65845075,ncEJCtargets
B07,RPS9_NOR,si PYM1,20.08,R2Q3,NMDtargets,,6,F07,SYBR,DYNC1H1,HEK_SMG1i_4,18.94991225,ncEJCtargets
B08,RPS9_NOR,si PYM1,19.88,R2Q3,NMDtargets,,6,F08,SYBR,DYNC1H1,HEK_SMG1i_4,18.84428434,ncEJCtargets
B09,RPS9_NOR,si PYM1,19.82,R2Q3,NMDtargets,,6,F09,SYBR,DYNC1H1,HEK_SMG1i_4,19.03161653,ncEJCtargets
B10,RPS9_NOR,si UPF1,20.47,R2Q3,NMDtargets,,6,F10,SYBR,DYNC1H1,HEK_SMG1i_5,19.07934989,ncEJCtargets
B11,RPS9_NOR,si UPF1,20.56,R2Q3,NMDtargets,,6,F11,SYBR,DYNC1H1,HEK_SMG1i_5,19.12421751,ncEJCtargets
B12,RPS9_NOR,si UPF1,19.86,R2Q3,NMDtargets,,6,F12,SYBR,DYNC1H1,HEK_SMG1i_5,18.89732127,ncEJCtargets
C01,GAPDH,siNC,16.79,R2Q3,NMDtargets,,6,G01,SYBR,FNBP4,HEK_DMSO_4,20.11343548,ncEJCtargets
C02,GAPDH,siNC,16.76,R2Q3,NMDtargets,,6,G02,SYBR,FNBP4,HEK_DMSO_4,20.13727585,ncEJCtargets
C03,GAPDH,siNC,16.87,R2Q3,NMDtargets,,6,G03,SYBR,FNBP4,HEK_DMSO_4,20.16216525,ncEJCtargets
C04,GAPDH,si eIF4A3,19.05,R2Q3,NMDtargets,,6,G04,SYBR,FNBP4,HEK_DMSO_5,20.05810467,ncEJCtargets
C05,GAPDH,si eIF4A3,19.03,R2Q3,NMDtargets,,6,G05,SYBR,FNBP4,HEK_DMSO_5,20.13195445,ncEJCtargets
C06,GAPDH,si eIF4A3,19.36,R2Q3,NMDtargets,,6,G06,SYBR,FNBP4,HEK_DMSO_5,20.18178634,ncEJCtargets
C07,GAPDH,si PYM1,17.97,R2Q3,NMDtargets,,6,G07,SYBR,FNBP4,HEK_SMG1i_4,18.90860611,ncEJCtargets
C08,GAPDH,si PYM1,17.84,R2Q3,NMDtargets,,6,G08,SYBR,FNBP4,HEK_SMG1i_4,18.78708045,ncEJCtargets
C09,GAPDH,si PYM1,17.75,R2Q3,NMDtargets,,6,G09,SYBR,FNBP4,HEK_SMG1i_4,18.83816038,ncEJCtargets
C10,GAPDH,si UPF1,17.82,R2Q3,NMDtargets,,6,G10,SYBR,FNBP4,HEK_SMG1i_5,18.87261013,ncEJCtargets
C11,GAPDH,si UPF1,17.8,R2Q3,NMDtargets,,6,G11,SYBR,FNBP4,HEK_SMG1i_5,18.87374397,ncEJCtargets
C12,GAPDH,si UPF1,18.02,R2Q3,NMDtargets,,6,G12,SYBR,FNBP4,HEK_SMG1i_5,18.66941522,ncEJCtargets
D01,B-actin,siNC,17.84,R2Q3,NMDtargets,,6,H01,SYBR,PCNT,HEK_DMSO_4,20.83519116,ncEJCtargets
D02,B-actin,siNC,17.77,R2Q3,NMDtargets,,6,H02,SYBR,PCNT,HEK_DMSO_4,20.95540495,ncEJCtargets
D03,B-actin,siNC,18.11,R2Q3,NMDtargets,,6,H03,SYBR,PCNT,HEK_DMSO_4,21.03684314,ncEJCtargets
D04,B-actin,si eIF4A3,19.93,R2Q3,NMDtargets,,6,H04,SYBR,PCNT,HEK_DMSO_5,20.97350656,ncEJCtargets
D05,B-actin,si eIF4A3,19.69,R2Q3,NMDtargets,,6,H05,SYBR,PCNT,HEK_DMSO_5,21.11588575,ncEJCtargets
D06,B-actin,si eIF4A3,20.08,R2Q3,NMDtargets,,6,H06,SYBR,PCNT,HEK_DMSO_5,21.05195744,ncEJCtargets
D07,B-actin,si PYM1,18.01,R2Q3,NMDtargets,,6,H07,SYBR,PCNT,HEK_SMG1i_4,20.11084846,ncEJCtargets
D08,B-actin,si PYM1,18.31,R2Q3,NMDtargets,,6,H08,SYBR,PCNT,HEK_SMG1i_4,20.1043676,ncEJCtargets
D09,B-actin,si PYM1,18.36,R2Q3,NMDtargets,,6,H09,SYBR,PCNT,HEK_SMG1i_4,20.14712818,ncEJCtargets
D10,B-actin,si UPF1,18.44,R2Q3,NMDtargets,,6,H10,SYBR,PCNT,HEK_SMG1i_5,20.28298686,ncEJCtargets
D11,B-actin,si UPF1,17.94,R2Q3,NMDtargets,,6,H11,SYBR,PCNT,HEK_SMG1i_5,20.1902019,ncEJCtargets
D12,B-actin,si UPF1,18.7,R2Q3,NMDtargets,,6,H12,SYBR,PCNT,HEK_SMG1i_5,19.99595112,ncEJCtargets
E01,SRSF3_PTC+,siNC,22.82,R2Q3,NMDtargets,,7,A01,SYBR,ACTB,HEK_DMSO_6,14.96342314,ncEJCtargets
E02,SRSF3_PTC+,siNC,23.76,R2Q3,NMDtargets,,7,A02,SYBR,ACTB,HEK_DMSO_6,14.95908058,ncEJCtargets
E03,SRSF3_PTC+,siNC,24.3,R2Q3,NMDtargets,,7,A03,SYBR,ACTB,HEK_DMSO_6,14.94506514,ncEJCtargets
E04,SRSF3_PTC+,si eIF4A3,24.48,R2Q3,NMDtargets,,7,A04,SYBR,DYNC1H1,HEK_DMSO_6,19.8875819,ncEJCtargets
E05,SRSF3_PTC+,si eIF4A3,24.79,R2Q3,NMDtargets,,7,A05,SYBR,DYNC1H1,HEK_DMSO_6,19.86587974,ncEJCtargets
E06,SRSF3_PTC+,si eIF4A3,25.75,R2Q3,NMDtargets,,7,A06,SYBR,DYNC1H1,HEK_DMSO_6,19.7898291,ncEJCtargets
E07,SRSF3_PTC+,si PYM1,23.5,R2Q3,NMDtargets,,7,A07,SYBR,FNBP4,HEK_DMSO_6,20.36898447,ncEJCtargets
E08,SRSF3_PTC+,si PYM1,23.77,R2Q3,NMDtargets,,7,A08,SYBR,FNBP4,HEK_DMSO_6,20.32432354,ncEJCtargets
E09,SRSF3_PTC+,si PYM1,23.45,R2Q3,NMDtargets,,7,A09,SYBR,FNBP4,HEK_DMSO_6,20.26525701,ncEJCtargets
E10,SRSF3_PTC+,si UPF1,24.03,R2Q3,NMDtargets,,7,A10,SYBR,PCNT,HEK_DMSO_6,20.87296046,ncEJCtargets
E11,SRSF3_PTC+,si UPF1,22.91,R2Q3,NMDtargets,,7,A11,SYBR,PCNT,HEK_DMSO_6,20.82094506,ncEJCtargets
E12,SRSF3_PTC+,si UPF1,22.79,R2Q3,NMDtargets,,7,A12,SYBR,PCNT,HEK_DMSO_6,20.87513766,ncEJCtargets
F01,SRSF3_NOR,siNC,18.65,R2Q3,NMDtargets,,7,B01,SYBR,ACTB,HEK_SMG1i_6,15.49054817,ncEJCtargets
F02,SRSF3_NOR,siNC,18.26,R2Q3,NMDtargets,,7,B02,SYBR,ACTB,HEK_SMG1i_6,15.54809265,ncEJCtargets
F03,SRSF3_NOR,siNC,19.34,R2Q3,NMDtargets,,7,B03,SYBR,ACTB,HEK_SMG1i_6,15.56089981,ncEJCtargets
F04,SRSF3_NOR,si eIF4A3,20.82,R2Q3,NMDtargets,,7,B04,SYBR,DYNC1H1,HEK_SMG1i_6,19.69843836,ncEJCtargets
F05,SRSF3_NOR,si eIF4A3,20.92,R2Q3,NMDtargets,,7,B05,SYBR,DYNC1H1,HEK_SMG1i_6,19.5903762,ncEJCtargets
F06,SRSF3_NOR,si eIF4A3,21.01,R2Q3,NMDtargets,,7,B06,SYBR,DYNC1H1,HEK_SMG1i_6,19.64896147,ncEJCtargets
F07,SRSF3_NOR,si PYM1,18.9,R2Q3,NMDtargets,,7,B07,SYBR,FNBP4,HEK_SMG1i_6,18.84623733,ncEJCtargets
F08,SRSF3_NOR,si PYM1,18.84,R2Q3,NMDtargets,,7,B08,SYBR,FNBP4,HEK_SMG1i_6,18.82012263,ncEJCtargets
F09,SRSF3_NOR,si PYM1,18.55,R2Q3,NMDtargets,,7,B09,SYBR,FNBP4,HEK_SMG1i_6,18.83423395,ncEJCtargets
F10,SRSF3_NOR,si UPF1,19.04,R2Q3,NMDtargets,,7,B10,SYBR,PCNT,HEK_SMG1i_6,20.25018187,ncEJCtargets
F11,SRSF3_NOR,si UPF1,18.93,R2Q3,NMDtargets,,7,B11,SYBR,PCNT,HEK_SMG1i_6,20.26349201,ncEJCtargets
F12,SRSF3_NOR,si UPF1,19.89,R2Q3,NMDtargets,,7,B12,SYBR,PCNT,HEK_SMG1i_6,20.16896203,ncEJCtargets
G01,RSRC2_PTC+,siNC,20.5,R2Q3,NMDtargets,,7,C01,SYBR,ACTB,HEK_DMSO_7,15.01817525,ncEJCtargets
G02,RSRC2_PTC+,siNC,20.65,R2Q3,NMDtargets,,7,C02,SYBR,ACTB,HEK_DMSO_7,14.95442118,ncEJCtargets
G03,RSRC2_PTC+,siNC,20.71,R2Q3,NMDtargets,,7,C03,SYBR,ACTB,HEK_DMSO_7,14.98739932,ncEJCtargets
G04,RSRC2_PTC+,si eIF4A3,20.62,R2Q3,NMDtargets,,7,C04,SYBR,DYNC1H1,HEK_DMSO_7,19.87907279,ncEJCtargets
G05,RSRC2_PTC+,si eIF4A3,21.04,R2Q3,NMDtargets,,7,C05,SYBR,DYNC1H1,HEK_DMSO_7,19.88951521,ncEJCtargets
G06,RSRC2_PTC+,si eIF4A3,20.98,R2Q3,NMDtargets,,7,C06,SYBR,DYNC1H1,HEK_DMSO_7,19.88668541,ncEJCtargets
G07,RSRC2_PTC+,si PYM1,21.29,R2Q3,NMDtargets,,7,C07,SYBR,FNBP4,HEK_DMSO_7,20.40028161,ncEJCtargets
G08,RSRC2_PTC+,si PYM1,21.36,R2Q3,NMDtargets,,7,C08,SYBR,FNBP4,HEK_DMSO_7,20.50126501,ncEJCtargets
G09,RSRC2_PTC+,si PYM1,21.45,R2Q3,NMDtargets,,7,C09,SYBR,FNBP4,HEK_DMSO_7,20.39210333,ncEJCtargets
G10,RSRC2_PTC+,si UPF1,21.25,R2Q3,NMDtargets,,7,C10,SYBR,PCNT,HEK_DMSO_7,21.13656466,ncEJCtargets
G11,RSRC2_PTC+,si UPF1,21.33,R2Q3,NMDtargets,,7,C11,SYBR,PCNT,HEK_DMSO_7,20.94881301,ncEJCtargets
G12,RSRC2_PTC+,si UPF1,21.4,R2Q3,NMDtargets,,7,C12,SYBR,PCNT,HEK_DMSO_7,20.92658173,ncEJCtargets
H01,RSRC2_NOR,siNC,17.37,R2Q3,NMDtargets,,7,D01,SYBR,ACTB,HEK_SMG1i_7,15.54998571,ncEJCtargets
H02,RSRC2_NOR,siNC,17.4,R2Q3,NMDtargets,,7,D02,SYBR,ACTB,HEK_SMG1i_7,15.57296162,ncEJCtargets
H03,RSRC2_NOR,siNC,17.42,R2Q3,NMDtargets,,7,D03,SYBR,ACTB,HEK_SMG1i_7,15.40356514,ncEJCtargets
H04,RSRC2_NOR,si eIF4A3,19.85,R2Q3,NMDtargets,,7,D04,SYBR,DYNC1H1,HEK_SMG1i_7,19.5768381,ncEJCtargets
H05,RSRC2_NOR,si eIF4A3,19.89,R2Q3,NMDtargets,,7,D05,SYBR,DYNC1H1,HEK_SMG1i_7,19.60888465,ncEJCtargets
H06,RSRC2_NOR,si eIF4A3,20.32,R2Q3,NMDtargets,,7,D06,SYBR,DYNC1H1,HEK_SMG1i_7,19.62680361,ncEJCtargets
H07,RSRC2_NOR,si PYM1,18.8,R2Q3,NMDtargets,,7,D07,SYBR,FNBP4,HEK_SMG1i_7,18.84227703,ncEJCtargets
H08,RSRC2_NOR,si PYM1,18.71,R2Q3,NMDtargets,,7,D08,SYBR,FNBP4,HEK_SMG1i_7,18.80337441,ncEJCtargets
H09,RSRC2_NOR,si PYM1,18.75,R2Q3,NMDtargets,,7,D09,SYBR,FNBP4,HEK_SMG1i_7,18.81409643,ncEJCtargets
H10,RSRC2_NOR,si UPF1,19.71,R2Q3,NMDtargets,,7,D10,SYBR,PCNT,HEK_SMG1i_7,20.30018657,ncEJCtargets
H11,RSRC2_NOR,si UPF1,19.86,R2Q3,NMDtargets,,7,D11,SYBR,PCNT,HEK_SMG1i_7,20.23792466,ncEJCtargets
H12,RSRC2_NOR,si UPF1,19.85,R2Q3,NMDtargets,,7,D12,SYBR,PCNT,HEK_SMG1i_7,20.21802914,ncEJCtargets
,,,,,,,7,E01,SYBR,ACTB,HEK_DMSO_8,15.10896882,ncEJCtargets
,,,,,,,7,E02,SYBR,ACTB,HEK_DMSO_8,15.04775779,ncEJCtargets
,,,,,,,7,E03,SYBR,ACTB,HEK_DMSO_8,15.0906374,ncEJCtargets
,,,,,,,7,E04,SYBR,DYNC1H1,HEK_DMSO_8,19.98357306,ncEJCtargets
,,,,,,,7,E05,SYBR,DYNC1H1,HEK_DMSO_8,19.96179451,ncEJCtargets
,,,,,,,7,E06,SYBR,DYNC1H1,HEK_DMSO_8,19.93327321,ncEJCtargets
,,,,,,,7,E07,SYBR,FNBP4,HEK_DMSO_8,20.53516455,ncEJCtargets
,,,,,,,7,E08,SYBR,FNBP4,HEK_DMSO_8,20.56561925,ncEJCtargets
,,,,,,,7,E09,SYBR,FNBP4,HEK_DMSO_8,20.66247776,ncEJCtargets
,,,,,,,7,E10,SYBR,PCNT,HEK_DMSO_8,21.17496407,ncEJCtargets
,,,,,,,7,E11,SYBR,PCNT,HEK_DMSO_8,21.15239848,ncEJCtargets
,,,,,,,7,E12,SYBR,PCNT,HEK_DMSO_8,21.07911958,ncEJCtargets
,,,,,,,7,F01,SYBR,ACTB,HEK_SMG1i_8,15.78368802,ncEJCtargets
,,,,,,,7,F02,SYBR,ACTB,HEK_SMG1i_8,15.86523555,ncEJCtargets
,,,,,,,7,F03,SYBR,ACTB,HEK_SMG1i_8,15.78470996,ncEJCtargets
,,,,,,,7,F04,SYBR,DYNC1H1,HEK_SMG1i_8,19.75242476,ncEJCtargets
,,,,,,,7,F05,SYBR,DYNC1H1,HEK_SMG1i_8,19.75192183,ncEJCtargets
,,,,,,,7,F06,SYBR,DYNC1H1,HEK_SMG1i_8,19.90003523,ncEJCtargets
,,,,,,,7,F07,SYBR,FNBP4,HEK_SMG1i_8,18.88463931,ncEJCtargets
,,,,,,,7,F08,SYBR,FNBP4,HEK_SMG1i_8,18.93124954,ncEJCtargets
,,,,,,,7,F09,SYBR,FNBP4,HEK_SMG1i_8,18.83894852,ncEJCtargets
,,,,,,,7,F10,SYBR,PCNT,HEK_SMG1i_8,20.62627161,ncEJCtargets
,,,,,,,7,F11,SYBR,PCNT,HEK_SMG1i_8,20.61577919,ncEJCtargets
,,,,,,,7,F12,SYBR,PCNT,HEK_SMG1i_8,20.37197644,ncEJCtargets