source_file,Well,Fluor,Target,Sample,Cq,Exp
1,A01,SYBR,ACTB,HEK_DMSO_1,15.2420499398185,ncEJCtargets
1,A02,SYBR,ACTB,HEK_DMSO_1,15.1573556581637,ncEJCtargets
1,A03,SYBR,ACTB,HEK_DMSO_1,15.230528286719,ncEJCtargets
1,A04,SYBR,SRSF3_NOR,HEK_DMSO_1,20.019919943306,ncEJCtargets
1,A05,SYBR,SRSF3_NOR,HEK_DMSO_1,19.2627462413643,ncEJCtargets
1,A06,SYBR,SRSF3_NOR,HEK_DMSO_1,19.8805969150632,ncEJCtargets
1,A07,SYBR,SRSF3_PTC,HEK_DMSO_1,20.5657865440504,ncEJCtargets
1,A08,SYBR,SRSF3_PTC,HEK_DMSO_1,20.8888544792022,ncEJCtargets
1,A09,SYBR,SRSF3_PTC,HEK_DMSO_1,20.5115990988608,ncEJCtargets
1,A10,SYBR,BRD2,HEK_DMSO_1,16.896488150103,ncEJCtargets
1,A11,SYBR,BRD2,HEK_DMSO_1,16.7611384017314,ncEJCtargets
1,A12,SYBR,BRD2,HEK_DMSO_1,16.8406379956445,ncEJCtargets
1,B01,SYBR,ACTB,HEK_SMG1i_1,15.8961027117668,ncEJCtargets
1,B02,SYBR,ACTB,HEK_SMG1i_1,15.8777004449948,ncEJCtargets
1,B03,SYBR,ACTB,HEK_SMG1i_1,15.8941804998024,ncEJCtargets
1,B04,SYBR,SRSF3_NOR,HEK_SMG1i_1,20.0657070996428,ncEJCtargets
1,B05,SYBR,SRSF3_NOR,HEK_SMG1i_1,19.9526201359373,ncEJCtargets
1,B06,SYBR,SRSF3_NOR,HEK_SMG1i_1,19.8472329872777,ncEJCtargets
1,B07,SYBR,SRSF3_PTC,HEK_SMG1i_1,18.4158043317402,ncEJCtargets
1,B08,SYBR,SRSF3_PTC,HEK_SMG1i_1,18.3438675216445,ncEJCtargets
1,B09,SYBR,SRSF3_PTC,HEK_SMG1i_1,18.3438658818817,ncEJCtargets
1,B10,SYBR,BRD2,HEK_SMG1i_1,15.7082522611919,ncEJCtargets
1,B11,SYBR,BRD2,HEK_SMG1i_1,15.7139893738784,ncEJCtargets
1,B12,SYBR,BRD2,HEK_SMG1i_1,15.7586751089496,ncEJCtargets
1,C01,SYBR,ACTB,HEK_DMSO_2,14.9688391075905,ncEJCtargets
1,C02,SYBR,ACTB,HEK_DMSO_2,14.9501777737055,ncEJCtargets
1,C03,SYBR,ACTB,HEK_DMSO_2,14.8866300944042,ncEJCtargets
1,C04,SYBR,SRSF3_NOR,HEK_DMSO_2,20.9896389776925,ncEJCtargets
1,C05,SYBR,SRSF3_NOR,HEK_DMSO_2,20.9769297787566,ncEJCtargets
1,C06,SYBR,SRSF3_NOR,HEK_DMSO_2,20.9180483686591,ncEJCtargets
1,C07,SYBR,SRSF3_PTC,HEK_DMSO_2,21.8755619702271,ncEJCtargets
1,C08,SYBR,SRSF3_PTC,HEK_DMSO_2,21.8828686166357,ncEJCtargets
1,C09,SYBR,SRSF3_PTC,HEK_DMSO_2,21.6851945705669,ncEJCtargets
1,C10,SYBR,BRD2,HEK_DMSO_2,18.5032986460405,ncEJCtargets
1,C11,SYBR,BRD2,HEK_DMSO_2,18.589261725987,ncEJCtargets
1,C12,SYBR,BRD2,HEK_DMSO_2,18.5933712028424,ncEJCtargets
1,D01,SYBR,ACTB,HEK_SMG1i_2,15.4362529671987,ncEJCtargets
1,D02,SYBR,ACTB,HEK_SMG1i_2,15.3272045780005,ncEJCtargets
1,D03,SYBR,ACTB,HEK_SMG1i_2,15.3023337989324,ncEJCtargets
1,D04,SYBR,SRSF3_NOR,HEK_SMG1i_2,21.2840887826176,ncEJCtargets
1,D05,SYBR,SRSF3_NOR,HEK_SMG1i_2,21.1975241263396,ncEJCtargets
1,D06,SYBR,SRSF3_NOR,HEK_SMG1i_2,20.9069996673276,ncEJCtargets
1,D07,SYBR,SRSF3_PTC,HEK_SMG1i_2,18.978969526266,ncEJCtargets
1,D08,SYBR,SRSF3_PTC,HEK_SMG1i_2,18.9616910911819,ncEJCtargets
1,D09,SYBR,SRSF3_PTC,HEK_SMG1i_2,18.8391345414228,ncEJCtargets
1,D10,SYBR,BRD2,HEK_SMG1i_2,16.870106497203,ncEJCtargets
1,D11,SYBR,BRD2,HEK_SMG1i_2,16.8160330462954,ncEJCtargets
1,D12,SYBR,BRD2,HEK_SMG1i_2,16.8360389204729,ncEJCtargets
1,E01,SYBR,ACTB,HEK_DMSO_3,15.5913790630377,ncEJCtargets
1,E02,SYBR,ACTB,HEK_DMSO_3,15.5241025187863,ncEJCtargets
1,E03,SYBR,ACTB,HEK_DMSO_3,15.5748013892019,ncEJCtargets
1,E04,SYBR,SRSF3_NOR,HEK_DMSO_3,20.0558417110186,ncEJCtargets
1,E05,SYBR,SRSF3_NOR,HEK_DMSO_3,20.0577972612449,ncEJCtargets
1,E06,SYBR,SRSF3_NOR,HEK_DMSO_3,19.7781802960009,ncEJCtargets
1,E07,SYBR,SRSF3_PTC,HEK_DMSO_3,20.8277454115158,ncEJCtargets
1,E08,SYBR,SRSF3_PTC,HEK_DMSO_3,20.7985107118558,ncEJCtargets
1,E09,SYBR,SRSF3_PTC,HEK_DMSO_3,20.8513520937785,ncEJCtargets
1,E10,SYBR,BRD2,HEK_DMSO_3,17.1736258834104,ncEJCtargets
1,E11,SYBR,BRD2,HEK_DMSO_3,17.0207897768897,ncEJCtargets
1,E12,SYBR,BRD2,HEK_DMSO_3,17.1445283822059,ncEJCtargets
1,F01,SYBR,ACTB,HEK_SMG1i_3,16.0119905690088,ncEJCtargets
1,F02,SYBR,ACTB,HEK_SMG1i_3,16.0123861062294,ncEJCtargets
1,F03,SYBR,ACTB,HEK_SMG1i_3,16.0126728769948,ncEJCtargets
1,F04,SYBR,SRSF3_NOR,HEK_SMG1i_3,19.9499638339959,ncEJCtargets
1,F05,SYBR,SRSF3_NOR,HEK_SMG1i_3,20.1888740439372,ncEJCtargets
1,F06,SYBR,SRSF3_NOR,HEK_SMG1i_3,19.8255126745243,ncEJCtargets
1,F07,SYBR,SRSF3_PTC,HEK_SMG1i_3,18.5161806385243,ncEJCtargets
1,F08,SYBR,SRSF3_PTC,HEK_SMG1i_3,18.5226658452889,ncEJCtargets
1,F09,SYBR,SRSF3_PTC,HEK_SMG1i_3,18.2851716114649,ncEJCtargets
1,F10,SYBR,BRD2,HEK_SMG1i_3,15.9538454301202,ncEJCtargets
1,F11,SYBR,BRD2,HEK_SMG1i_3,15.7094196387698,ncEJCtargets
1,F12,SYBR,BRD2,HEK_SMG1i_3,15.908211037931,ncEJCtargets
1,G01,SYBR,ACTB,HCT_DMSO_1,14.9661358901576,ncEJCtargets
1,G02,SYBR,ACTB,HCT_DMSO_1,15.0020982611726,ncEJCtargets
1,G03,SYBR,ACTB,HCT_DMSO_1,14.9168111760539,ncEJCtargets
1,G04,SYBR,SRSF3_NOR,HCT_DMSO_1,21.0553188276653,ncEJCtargets
1,G05,SYBR,SRSF3_NOR,HCT_DMSO_1,21.0472250687449,ncEJCtargets
1,G06,SYBR,SRSF3_NOR,HCT_DMSO_1,20.7535768842725,ncEJCtargets
1,G07,SYBR,SRSF3_PTC,HCT_DMSO_1,21.9064967461934,ncEJCtargets
1,G08,SYBR,SRSF3_PTC,HCT_DMSO_1,21.9461856312442,ncEJCtargets
1,G09,SYBR,SRSF3_PTC,HCT_DMSO_1,21.7501499132948,ncEJCtargets
1,G10,SYBR,BRD2,HCT_DMSO_1,18.7123298196121,ncEJCtargets
1,G11,SYBR,BRD2,HCT_DMSO_1,18.7760523727258,ncEJCtargets
1,G12,SYBR,BRD2,HCT_DMSO_1,18.7713991558562,ncEJCtargets
1,H01,SYBR,ACTB,HCT_SMG1i_1,15.4568493453261,ncEJCtargets
1,H02,SYBR,ACTB,HCT_SMG1i_1,15.5643095208916,ncEJCtargets
1,H03,SYBR,ACTB,HCT_SMG1i_1,15.5232365713331,ncEJCtargets
1,H04,SYBR,SRSF3_NOR,HCT_SMG1i_1,21.4544731417574,ncEJCtargets
1,H05,SYBR,SRSF3_NOR,HCT_SMG1i_1,21.522702220804,ncEJCtargets
1,H06,SYBR,SRSF3_NOR,HCT_SMG1i_1,20.996890075972,ncEJCtargets
1,H07,SYBR,SRSF3_PTC,HCT_SMG1i_1,19.2740977581241,ncEJCtargets
1,H08,SYBR,SRSF3_PTC,HCT_SMG1i_1,19.2986005875779,ncEJCtargets
1,H09,SYBR,SRSF3_PTC,HCT_SMG1i_1,19.0002699201906,ncEJCtargets
1,H10,SYBR,BRD2,HCT_SMG1i_1,17.1833780056287,ncEJCtargets
1,H11,SYBR,BRD2,HCT_SMG1i_1,17.1071993955451,ncEJCtargets
1,H12,SYBR,BRD2,HCT_SMG1i_1,17.0898553556335,ncEJCtargets
2,A01,SYBR,EPHA2,HEK_DMSO_1,22.07038535621,ncEJCtargets
2,A02,SYBR,EPHA2,HEK_DMSO_1,22.1000090677638,ncEJCtargets
2,A03,SYBR,EPHA2,HEK_DMSO_1,22.0797772636639,ncEJCtargets
2,A04,SYBR,EIF4G1,HEK_DMSO_1,18.8991048317652,ncEJCtargets
2,A05,SYBR,EIF4G1,HEK_DMSO_1,18.9328809621521,ncEJCtargets
2,A06,SYBR,EIF4G1,HEK_DMSO_1,18.8719487749828,ncEJCtargets
2,A07,SYBR,DAZAP1,HEK_DMSO_1,18.21809310415,ncEJCtargets
2,A08,SYBR,DAZAP1,HEK_DMSO_1,18.1878910380073,ncEJCtargets
2,A09,SYBR,DAZAP1,HEK_DMSO_1,18.152139542488,ncEJCtargets
2,A10,SYBR,CAPN1,HEK_DMSO_1,22.8549705672611,ncEJCtargets
2,A11,SYBR,CAPN1,HEK_DMSO_1,22.8576875836438,ncEJCtargets
2,A12,SYBR,CAPN1,HEK_DMSO_1,22.9478158341898,ncEJCtargets
2,B01,SYBR,EPHA2,HEK_SMG1i_1,22.1449910545175,ncEJCtargets
2,B02,SYBR,EPHA2,HEK_SMG1i_1,22.1926528280758,ncEJCtargets
2,B03,SYBR,EPHA2,HEK_SMG1i_1,22.2275692881769,ncEJCtargets
2,B04,SYBR,EIF4G1,HEK_SMG1i_1,19.1382764225094,ncEJCtargets
2,B05,SYBR,EIF4G1,HEK_SMG1i_1,19.1917679348512,ncEJCtargets
2,B06,SYBR,EIF4G1,HEK_SMG1i_1,19.2002598188951,ncEJCtargets
2,B07,SYBR,DAZAP1,HEK_SMG1i_1,18.2887310591286,ncEJCtargets
2,B08,SYBR,DAZAP1,HEK_SMG1i_1,18.229080802951,ncEJCtargets
2,B09,SYBR,DAZAP1,HEK_SMG1i_1,18.2359971281329,ncEJCtargets
2,B10,SYBR,CAPN1,HEK_SMG1i_1,23.0435724229178,ncEJCtargets
2,B11,SYBR,CAPN1,HEK_SMG1i_1,23.0567782244917,ncEJCtargets
2,B12,SYBR,CAPN1,HEK_SMG1i_1,23.1156239590068,ncEJCtargets
2,C01,SYBR,EPHA2,HEK_DMSO_2,20.8003792565769,ncEJCtargets
2,C02,SYBR,EPHA2,HEK_DMSO_2,20.7560338742,ncEJCtargets
2,C03,SYBR,EPHA2,HEK_DMSO_2,20.8946009457464,ncEJCtargets
2,C04,SYBR,EIF4G1,HEK_DMSO_2,19.7142945630948,ncEJCtargets
2,C05,SYBR,EIF4G1,HEK_DMSO_2,19.7233322496527,ncEJCtargets
2,C06,SYBR,EIF4G1,HEK_DMSO_2,19.6895503011155,ncEJCtargets
2,C07,SYBR,DAZAP1,HEK_DMSO_2,19.0362936986141,ncEJCtargets
2,C08,SYBR,DAZAP1,HEK_DMSO_2,19.0003915839571,ncEJCtargets
2,C09,SYBR,DAZAP1,HEK_DMSO_2,18.8959371538649,ncEJCtargets
2,C10,SYBR,CAPN1,HEK_DMSO_2,21.1256386967766,ncEJCtargets
2,C11,SYBR,CAPN1,HEK_DMSO_2,20.9708300612712,ncEJCtargets
2,C12,SYBR,CAPN1,HEK_DMSO_2,21.0742319049983,ncEJCtargets
2,D01,SYBR,EPHA2,HEK_SMG1i_2,19.399099705896,ncEJCtargets
2,D02,SYBR,EPHA2,HEK_SMG1i_2,19.3898595370551,ncEJCtargets
2,D03,SYBR,EPHA2,HEK_SMG1i_2,19.3548992529018,ncEJCtargets
2,D04,SYBR,EIF4G1,HEK_SMG1i_2,19.9290282938794,ncEJCtargets
2,D05,SYBR,EIF4G1,HEK_SMG1i_2,19.9456626806316,ncEJCtargets
2,D06,SYBR,EIF4G1,HEK_SMG1i_2,19.9512182820653,ncEJCtargets
2,D07,SYBR,DAZAP1,HEK_SMG1i_2,19.301694012288,ncEJCtargets
2,D08,SYBR,DAZAP1,HEK_SMG1i_2,19.2469589823045,ncEJCtargets
2,D09,SYBR,DAZAP1,HEK_SMG1i_2,19.1899391027349,ncEJCtargets
2,D10,SYBR,CAPN1,HEK_SMG1i_2,21.3769898991523,ncEJCtargets
2,D11,SYBR,CAPN1,HEK_SMG1i_2,21.2761561399788,ncEJCtargets
2,D12,SYBR,CAPN1,HEK_SMG1i_2,21.3372357369024,ncEJCtargets
2,E01,SYBR,EPHA2,HEK_DMSO_3,22.1475721809281,ncEJCtargets
2,E02,SYBR,EPHA2,HEK_DMSO_3,22.2016814028348,ncEJCtargets
2,E03,SYBR,EPHA2,HEK_DMSO_3,22.1678622546994,ncEJCtargets
2,E04,SYBR,EIF4G1,HEK_DMSO_3,19.0430349331228,ncEJCtargets
2,E05,SYBR,EIF4G1,HEK_DMSO_3,19.0163551770773,ncEJCtargets
2,E06,SYBR,EIF4G1,HEK_DMSO_3,19.0211204372356,ncEJCtargets
2,E07,SYBR,DAZAP1,HEK_DMSO_3,18.2834708078203,ncEJCtargets
2,E08,SYBR,DAZAP1,HEK_DMSO_3,18.218034548028,ncEJCtargets
2,E09,SYBR,DAZAP1,HEK_DMSO_3,18.2646980568863,ncEJCtargets
2,E10,SYBR,CAPN1,HEK_DMSO_3,22.8739948039291,ncEJCtargets
2,E11,SYBR,CAPN1,HEK_DMSO_3,23.0366625563837,ncEJCtargets
2,E12,SYBR,CAPN1,HEK_DMSO_3,22.9470373941248,ncEJCtargets
2,F01,SYBR,EPHA2,HEK_SMG1i_3,22.0919409502252,ncEJCtargets
2,F02,SYBR,EPHA2,HEK_SMG1i_3,22.1573384920257,ncEJCtargets
2,F03,SYBR,EPHA2,HEK_SMG1i_3,22.167692989681,ncEJCtargets
2,F04,SYBR,EIF4G1,HEK_SMG1i_3,19.1458050630418,ncEJCtargets
2,F05,SYBR,EIF4G1,HEK_SMG1i_3,19.1827594188511,ncEJCtargets
2,F06,SYBR,EIF4G1,HEK_SMG1i_3,19.1842092737055,ncEJCtargets
2,F07,SYBR,DAZAP1,HEK_SMG1i_3,18.3508488358014,ncEJCtargets
2,F08,SYBR,DAZAP1,HEK_SMG1i_3,18.3841800520534,ncEJCtargets
2,F09,SYBR,DAZAP1,HEK_SMG1i_3,18.1788024020585,ncEJCtargets
2,F10,SYBR,CAPN1,HEK_SMG1i_3,22.980638803292,ncEJCtargets
2,F11,SYBR,CAPN1,HEK_SMG1i_3,23.0745224263823,ncEJCtargets
2,F12,SYBR,CAPN1,HEK_SMG1i_3,23.1418845311175,ncEJCtargets
2,G01,SYBR,EPHA2,HCT_DMSO_1,20.8970002266119,ncEJCtargets
2,G02,SYBR,EPHA2,HCT_DMSO_1,20.9157421723469,ncEJCtargets
2,G03,SYBR,EPHA2,HCT_DMSO_1,20.90658511297,ncEJCtargets
2,G04,SYBR,EIF4G1,HCT_DMSO_1,19.9088817435126,ncEJCtargets
2,G05,SYBR,EIF4G1,HCT_DMSO_1,19.8601901189608,ncEJCtargets
2,G06,SYBR,EIF4G1,HCT_DMSO_1,19.8495438993493,ncEJCtargets
2,G07,SYBR,DAZAP1,HCT_DMSO_1,19.0187079825903,ncEJCtargets
2,G08,SYBR,DAZAP1,HCT_DMSO_1,19.0928416761352,ncEJCtargets
2,G09,SYBR,DAZAP1,HCT_DMSO_1,19.2300255138881,ncEJCtargets
2,G10,SYBR,CAPN1,HCT_DMSO_1,21.3395135286453,ncEJCtargets
2,G11,SYBR,CAPN1,HCT_DMSO_1,21.3541171498179,ncEJCtargets
2,G12,SYBR,CAPN1,HCT_DMSO_1,21.4162307877344,ncEJCtargets
2,H01,SYBR,EPHA2,HCT_SMG1i_1,19.2042216380634,ncEJCtargets
2,H02,SYBR,EPHA2,HCT_SMG1i_1,19.4401500067579,ncEJCtargets
2,H03,SYBR,EPHA2,HCT_SMG1i_1,19.2288533543169,ncEJCtargets
2,H04,SYBR,EIF4G1,HCT_SMG1i_1,20.0792315487021,ncEJCtargets
2,H05,SYBR,EIF4G1,HCT_SMG1i_1,20.3814727729525,ncEJCtargets
2,H06,SYBR,EIF4G1,HCT_SMG1i_1,20.2692034609398,ncEJCtargets
2,H07,SYBR,DAZAP1,HCT_SMG1i_1,19.6231840059121,ncEJCtargets
2,H08,SYBR,DAZAP1,HCT_SMG1i_1,19.6596324156686,ncEJCtargets
2,H09,SYBR,DAZAP1,HCT_SMG1i_1,19.5838680744811,ncEJCtargets
2,H10,SYBR,CAPN1,HCT_SMG1i_1,21.6380548564561,ncEJCtargets
2,H11,SYBR,CAPN1,HCT_SMG1i_1,21.5224720448099,ncEJCtargets
2,H12,SYBR,CAPN1,HCT_SMG1i_1,21.5666838746808,ncEJCtargets
3,A01,SYBR,FOXK1,HEK_DMSO_1,22.506162843106,ncEJCtargets
3,A02,SYBR,FOXK1,HEK_DMSO_1,22.7886450159734,ncEJCtargets
3,A03,SYBR,FOXK1,HEK_DMSO_1,22.7965834284465,ncEJCtargets
3,A04,SYBR,MAPK3,HEK_DMSO_1,20.721583132793,ncEJCtargets
3,A05,SYBR,MAPK3,HEK_DMSO_1,20.8357092122588,ncEJCtargets
3,A06,SYBR,MAPK3,HEK_DMSO_1,20.8078082837405,ncEJCtargets
3,A07,SYBR,MYH9,HEK_DMSO_1,21.4577530421367,ncEJCtargets
3,A08,SYBR,MYH9,HEK_DMSO_1,21.3249021167812,ncEJCtargets
3,A09,SYBR,MYH9,HEK_DMSO_1,21.4202414751106,ncEJCtargets
3,A10,SYBR,NOC2L,HEK_DMSO_1,19.8530692853671,ncEJCtargets
3,A11,SYBR,NOC2L,HEK_DMSO_1,19.8019144608223,ncEJCtargets
3,A12,SYBR,NOC2L,HEK_DMSO_1,19.7140554993028,ncEJCtargets
3,B01,SYBR,FOXK1,HEK_SMG1i_1,22.4652042879252,ncEJCtargets
3,B02,SYBR,FOXK1,HEK_SMG1i_1,22.6828736200883,ncEJCtargets
3,B03,SYBR,FOXK1,HEK_SMG1i_1,22.7728089594156,ncEJCtargets
3,B04,SYBR,MAPK3,HEK_SMG1i_1,20.5733669471602,ncEJCtargets
3,B05,SYBR,MAPK3,HEK_SMG1i_1,20.6583037447712,ncEJCtargets
3,B06,SYBR,MAPK3,HEK_SMG1i_1,20.6285348704385,ncEJCtargets
3,B07,SYBR,MYH9,HEK_SMG1i_1,21.4138634092439,ncEJCtargets
3,B08,SYBR,MYH9,HEK_SMG1i_1,21.3860366152186,ncEJCtargets
3,B09,SYBR,MYH9,HEK_SMG1i_1,21.3379322138294,ncEJCtargets
3,B10,SYBR,NOC2L,HEK_SMG1i_1,20.2728035190933,ncEJCtargets
3,B11,SYBR,NOC2L,HEK_SMG1i_1,20.1875153528894,ncEJCtargets
3,B12,SYBR,NOC2L,HEK_SMG1i_1,20.1128033978082,ncEJCtargets
3,C01,SYBR,FOXK1,HEK_DMSO_2,21.9542013466563,ncEJCtargets
3,C02,SYBR,FOXK1,HEK_DMSO_2,22.1525544291336,ncEJCtargets
3,C03,SYBR,FOXK1,HEK_DMSO_2,22.1915450995601,ncEJCtargets
3,C04,SYBR,MAPK3,HEK_DMSO_2,21.2851508898486,ncEJCtargets
3,C05,SYBR,MAPK3,HEK_DMSO_2,21.3024410337245,ncEJCtargets
3,C06,SYBR,MAPK3,HEK_DMSO_2,21.3286449666038,ncEJCtargets
3,C07,SYBR,MYH9,HEK_DMSO_2,21.5348648950931,ncEJCtargets
3,C08,SYBR,MYH9,HEK_DMSO_2,21.6457816936182,ncEJCtargets
3,C09,SYBR,MYH9,HEK_DMSO_2,21.4935610535201,ncEJCtargets
3,C10,SYBR,NOC2L,HEK_DMSO_2,20.1895704082053,ncEJCtargets
3,C11,SYBR,NOC2L,HEK_DMSO_2,20.0414002071907,ncEJCtargets
3,C12,SYBR,NOC2L,HEK_DMSO_2,20.0591758584681,ncEJCtargets
3,D01,SYBR,FOXK1,HEK_SMG1i_2,21.8732207823376,ncEJCtargets
3,D02,SYBR,FOXK1,HEK_SMG1i_2,21.899899498908,ncEJCtargets
3,D03,SYBR,FOXK1,HEK_SMG1i_2,22.0046211349559,ncEJCtargets
3,D04,SYBR,MAPK3,HEK_SMG1i_2,20.6713056534862,ncEJCtargets
3,D05,SYBR,MAPK3,HEK_SMG1i_2,20.6715782031712,ncEJCtargets
3,D06,SYBR,MAPK3,HEK_SMG1i_2,20.735819766365,ncEJCtargets
3,D07,SYBR,MYH9,HEK_SMG1i_2,20.9921010925392,ncEJCtargets
3,D08,SYBR,MYH9,HEK_SMG1i_2,21.0499574735165,ncEJCtargets
3,D09,SYBR,MYH9,HEK_SMG1i_2,21.0064551036854,ncEJCtargets
3,D10,SYBR,NOC2L,HEK_SMG1i_2,20.5152520376978,ncEJCtargets
3,D11,SYBR,NOC2L,HEK_SMG1i_2,20.4401147100062,ncEJCtargets
3,D12,SYBR,NOC2L,HEK_SMG1i_2,20.1921381518509,ncEJCtargets
3,E01,SYBR,FOXK1,HEK_DMSO_3,22.9069475140981,ncEJCtargets
3,E02,SYBR,FOXK1,HEK_DMSO_3,22.8505090552697,ncEJCtargets
3,E03,SYBR,FOXK1,HEK_DMSO_3,22.9351928174857,ncEJCtargets
3,E04,SYBR,MAPK3,HEK_DMSO_3,20.6534455345909,ncEJCtargets
3,E05,SYBR,MAPK3,HEK_DMSO_3,20.7458094488844,ncEJCtargets
3,E06,SYBR,MAPK3,HEK_DMSO_3,20.9840200056756,ncEJCtargets
3,E07,SYBR,MYH9,HEK_DMSO_3,21.689997667649,ncEJCtargets
3,E08,SYBR,MYH9,HEK_DMSO_3,21.6364885071332,ncEJCtargets
3,E09,SYBR,MYH9,HEK_DMSO_3,21.6806205763489,ncEJCtargets
3,E10,SYBR,NOC2L,HEK_DMSO_3,20.0624804479972,ncEJCtargets
3,E11,SYBR,NOC2L,HEK_DMSO_3,19.9863073194148,ncEJCtargets
3,E12,SYBR,NOC2L,HEK_DMSO_3,20.0191315828883,ncEJCtargets
3,F01,SYBR,FOXK1,HEK_SMG1i_3,22.5588971619968,ncEJCtargets
3,F02,SYBR,FOXK1,HEK_SMG1i_3,22.7124416587374,ncEJCtargets
3,F03,SYBR,FOXK1,HEK_SMG1i_3,22.734120118925,ncEJCtargets
3,F04,SYBR,MAPK3,HEK_SMG1i_3,20.7039450917822,ncEJCtargets
3,F05,SYBR,MAPK3,HEK_SMG1i_3,20.6761560134278,ncEJCtargets
3,F06,SYBR,MAPK3,HEK_SMG1i_3,20.7146845783234,ncEJCtargets
3,F07,SYBR,MYH9,HEK_SMG1i_3,21.4796311008704,ncEJCtargets
3,F08,SYBR,MYH9,HEK_SMG1i_3,21.504347620956,ncEJCtargets
3,F09,SYBR,MYH9,HEK_SMG1i_3,21.4938184797574,ncEJCtargets
3,F10,SYBR,NOC2L,HEK_SMG1i_3,20.2969825417608,ncEJCtargets
3,F11,SYBR,NOC2L,HEK_SMG1i_3,20.1128174273417,ncEJCtargets
3,F12,SYBR,NOC2L,HEK_SMG1i_3,20.1684971027574,ncEJCtargets
3,G01,SYBR,FOXK1,HCT_DMSO_1,21.985697603633,ncEJCtargets
3,G02,SYBR,FOXK1,HCT_DMSO_1,22.0504738715883,ncEJCtargets
3,G03,SYBR,FOXK1,HCT_DMSO_1,22.224174892647,ncEJCtargets
3,G04,SYBR,MAPK3,HCT_DMSO_1,21.3317772652203,ncEJCtargets
3,G05,SYBR,MAPK3,HCT_DMSO_1,21.3228939855401,ncEJCtargets
3,G06,SYBR,MAPK3,HCT_DMSO_1,21.4199264110681,ncEJCtargets
3,G07,SYBR,MYH9,HCT_DMSO_1,21.4398311056245,ncEJCtargets
3,G08,SYBR,MYH9,HCT_DMSO_1,21.4868816918154,ncEJCtargets
3,G09,SYBR,MYH9,HCT_DMSO_1,21.5363223770405,ncEJCtargets
3,G10,SYBR,NOC2L,HCT_DMSO_1,20.373363362253,ncEJCtargets
3,G11,SYBR,NOC2L,HCT_DMSO_1,20.1969319733044,ncEJCtargets
3,G12,SYBR,NOC2L,HCT_DMSO_1,20.2300500876256,ncEJCtargets
3,H01,SYBR,FOXK1,HCT_SMG1i_1,21.8558469401717,ncEJCtargets
3,H02,SYBR,FOXK1,HCT_SMG1i_1,21.922169378846,ncEJCtargets
3,H03,SYBR,FOXK1,HCT_SMG1i_1,21.9622030380096,ncEJCtargets
3,H04,SYBR,MAPK3,HCT_SMG1i_1,20.7977983223014,ncEJCtargets
3,H05,SYBR,MAPK3,HCT_SMG1i_1,20.7807248109129,ncEJCtargets
3,H06,SYBR,MAPK3,HCT_SMG1i_1,20.8390490396121,ncEJCtargets
3,H07,SYBR,MYH9,HCT_SMG1i_1,21.0162004130239,ncEJCtargets
3,H08,SYBR,MYH9,HCT_SMG1i_1,21.029707832766,ncEJCtargets
3,H09,SYBR,MYH9,HCT_SMG1i_1,21.0428320653374,ncEJCtargets
3,H10,SYBR,NOC2L,HCT_SMG1i_1,20.8335509093747,ncEJCtargets
3,H11,SYBR,NOC2L,HCT_SMG1i_1,20.7324264851154,ncEJCtargets
3,H12,SYBR,NOC2L,HCT_SMG1i_1,20.6896335380892,ncEJCtargets
4,A01,SYBR,SLC7A5,HEK_DMSO_1,22.37014077,ncEJCtargets
4,A02,SYBR,SLC7A5,HEK_DMSO_1,22.28304419,ncEJCtargets
4,A03,SYBR,SLC7A5,HEK_DMSO_1,22.51131521,ncEJCtargets
4,A04,SYBR,TRIM28,HEK_DMSO_1,31.95744951,ncEJCtargets
4,A05,SYBR,TRIM28,HEK_DMSO_1,31.9526283,ncEJCtargets
4,A06,SYBR,TRIM28,HEK_DMSO_1,28.59987606,ncEJCtargets
4,A07,SYBR,USF2,HEK_DMSO_1,19.04594017,ncEJCtargets
4,A08,SYBR,USF2,HEK_DMSO_1,18.84057728,ncEJCtargets
4,A09,SYBR,USF2,HEK_DMSO_1,18.85272033,ncEJCtargets
4,B01,SYBR,SLC7A5,HEK_SMG1i_1,21.76125227,ncEJCtargets
4,B02,SYBR,SLC7A5,HEK_SMG1i_1,21.66230514,ncEJCtargets
4,B03,SYBR,SLC7A5,HEK_SMG1i_1,21.63455903,ncEJCtargets
4,B04,SYBR,TRIM28,HEK_SMG1i_1,31.98301703,ncEJCtargets
4,B05,SYBR,TRIM28,HEK_SMG1i_1,29.14295018,ncEJCtargets
4,B06,SYBR,TRIM28,HEK_SMG1i_1,28.04581771,ncEJCtargets
4,B07,SYBR,USF2,HEK_SMG1i_1,19.32173526,ncEJCtargets
4,B08,SYBR,USF2,HEK_SMG1i_1,19.29684596,ncEJCtargets
4,B09,SYBR,USF2,HEK_SMG1i_1,19.28449971,ncEJCtargets
4,C01,SYBR,SLC7A5,HEK_DMSO_2,19.68874445,ncEJCtargets
4,C02,SYBR,SLC7A5,HEK_DMSO_2,19.7926568,ncEJCtargets
4,C03,SYBR,SLC7A5,HEK_DMSO_2,19.7829364,ncEJCtargets
4,C04,SYBR,TRIM28,HEK_DMSO_2,32.33649488,ncEJCtargets
4,C05,SYBR,TRIM28,HEK_DMSO_2,33.02598076,ncEJCtargets
4,C06,SYBR,TRIM28,HEK_DMSO_2,32.99055487,ncEJCtargets
4,C07,SYBR,USF2,HEK_DMSO_2,20.95621491,ncEJCtargets
4,C08,SYBR,USF2,HEK_DMSO_2,20.99623336,ncEJCtargets
4,C09,SYBR,USF2,HEK_DMSO_2,20.90118775,ncEJCtargets
4,D01,SYBR,SLC7A5,HEK_SMG1i_2,19.42011218,ncEJCtargets
4,D02,SYBR,SLC7A5,HEK_SMG1i_2,19.3959503,ncEJCtargets
4,D03,SYBR,SLC7A5,HEK_SMG1i_2,19.00321866,ncEJCtargets
4,D04,SYBR,TRIM28,HEK_SMG1i_2,31.11815116,ncEJCtargets
4,D05,SYBR,TRIM28,HEK_SMG1i_2,30.28414799,ncEJCtargets
4,D06,SYBR,TRIM28,HEK_SMG1i_2,30.34459738,ncEJCtargets
4,D07,SYBR,USF2,HEK_SMG1i_2,20.91825944,ncEJCtargets
4,D08,SYBR,USF2,HEK_SMG1i_2,21.27019568,ncEJCtargets
4,D09,SYBR,USF2,HEK_SMG1i_2,21.28612454,ncEJCtargets
4,E01,SYBR,SLC7A5,HEK_DMSO_3,22.39685082,ncEJCtargets
4,E02,SYBR,SLC7A5,HEK_DMSO_3,22.53911794,ncEJCtargets
4,E03,SYBR,SLC7A5,HEK_DMSO_3,22.51918862,ncEJCtargets
4,E04,SYBR,TRIM28,HEK_DMSO_3,28.25181075,ncEJCtargets
4,E05,SYBR,TRIM28,HEK_DMSO_3,32.15920062,ncEJCtargets
4,E06,SYBR,TRIM28,HEK_DMSO_3,27.55978536,ncEJCtargets
4,E07,SYBR,USF2,HEK_DMSO_3,18.94631537,ncEJCtargets
4,E08,SYBR,USF2,HEK_DMSO_3,19.02570132,ncEJCtargets
4,E09,SYBR,USF2,HEK_DMSO_3,19.03193244,ncEJCtargets
4,F01,SYBR,SLC7A5,HEK_SMG1i_3,22.72326595,ncEJCtargets
4,F02,SYBR,SLC7A5,HEK_SMG1i_3,22.7883771,ncEJCtargets
4,F03,SYBR,SLC7A5,HEK_SMG1i_3,22.86970152,ncEJCtargets
4,F04,SYBR,TRIM28,HEK_SMG1i_3,31.51729975,ncEJCtargets
4,F05,SYBR,TRIM28,HEK_SMG1i_3,36.27403163,ncEJCtargets
4,F06,SYBR,TRIM28,HEK_SMG1i_3,32.07364629,ncEJCtargets
4,F07,SYBR,USF2,HEK_SMG1i_3,19.88206933,ncEJCtargets
4,F08,SYBR,USF2,HEK_SMG1i_3,19.90139842,ncEJCtargets
4,F09,SYBR,USF2,HEK_SMG1i_3,19.88621639,ncEJCtargets
4,G01,SYBR,SLC7A5,HCT_DMSO_1,19.86101506,ncEJCtargets
4,G02,SYBR,SLC7A5,HCT_DMSO_1,19.78711817,ncEJCtargets
4,G03,SYBR,SLC7A5,HCT_DMSO_1,19.88474699,ncEJCtargets
4,G04,SYBR,TRIM28,HCT_DMSO_1,32.67709343,ncEJCtargets
4,G05,SYBR,TRIM28,HCT_DMSO_1,32.90810779,ncEJCtargets
4,G06,SYBR,TRIM28,HCT_DMSO_1,32.96220754,ncEJCtargets
4,G07,SYBR,USF2,HCT_DMSO_1,20.96351344,ncEJCtargets
4,G08,SYBR,USF2,HCT_DMSO_1,20.98567844,ncEJCtargets
4,G09,SYBR,USF2,HCT_DMSO_1,20.94358846,ncEJCtargets
4,H01,SYBR,SLC7A5,HCT_SMG1i_1,19.66715543,ncEJCtargets
4,H02,SYBR,SLC7A5,HCT_SMG1i_1,19.76299019,ncEJCtargets
4,H03,SYBR,SLC7A5,HCT_SMG1i_1,19.74264232,ncEJCtargets
4,H04,SYBR,TRIM28,HCT_SMG1i_1,29.85994187,ncEJCtargets
4,H05,SYBR,TRIM28,HCT_SMG1i_1,30.16756471,ncEJCtargets
4,H06,SYBR,TRIM28,HCT_SMG1i_1,29.78146358,ncEJCtargets
4,H07,SYBR,USF2,HCT_SMG1i_1,21.49804983,ncEJCtargets
4,H08,SYBR,USF2,HCT_SMG1i_1,21.58018859,ncEJCtargets
4,H09,SYBR,USF2,HCT_SMG1i_1,21.62309828,ncEJCtargets
5,A01,SYBR,ACTB,HEK_DMSO_4,14.7294592506442,ncEJCtargets
5,A02,SYBR,ACTB,HEK_DMSO_4,14.7487375592856,ncEJCtargets
5,A03,SYBR,ACTB,HEK_DMSO_4,14.7613448963356,ncEJCtargets
5,A04,SYBR,ACTB,HEK_DMSO_5,14.8558489291838,ncEJCtargets
5,A05,SYBR,ACTB,HEK_DMSO_5,14.9789511547306,ncEJCtargets
5,A06,SYBR,ACTB,HEK_DMSO_5,14.9161321499826,ncEJCtargets
5,A07,SYBR,ACTB,HEK_SMG1i_4,14.9968136939198,ncEJCtargets
5,A08,SYBR,ACTB,HEK_SMG1i_4,15.1411032898657,ncEJCtargets
5,A09,SYBR,ACTB,HEK_SMG1i_4,15.2694435612234,ncEJCtargets
5,A10,SYBR,ACTB,HEK_SMG1i_5,14.8826742167925,ncEJCtargets
5,A11,SYBR,ACTB,HEK_SMG1i_5,15.0610013253416,ncEJCtargets
5,A12,SYBR,ACTB,HEK_SMG1i_5,15.1126747143753,ncEJCtargets
5,B01,SYBR,SRSF3_NOR,HEK_DMSO_4,18.5661112670259,ncEJCtargets
5,B02,SYBR,SRSF3_NOR,HEK_DMSO_4,18.5256334347269,ncEJCtargets
5,B03,SYBR,SRSF3_NOR,HEK_DMSO_4,18.4577157008034,ncEJCtargets
5,B04,SYBR,SRSF3_NOR,HEK_DMSO_5,18.6661574298267,ncEJCtargets
5,B05,SYBR,SRSF3_NOR,HEK_DMSO_5,18.8882328313811,ncEJCtargets
5,B06,SYBR,SRSF3_NOR,HEK_DMSO_5,18.6680460738028,ncEJCtargets
5,B07,SYBR,SRSF3_NOR,HEK_SMG1i_4,19.1381035472429,ncEJCtargets
5,B08,SYBR,SRSF3_NOR,HEK_SMG1i_4,18.9703107570064,ncEJCtargets
5,B09,SYBR,SRSF3_NOR,HEK_SMG1i_4,19.0813641932575,ncEJCtargets
5,B10,SYBR,SRSF3_NOR,HEK_SMG1i_5,18.9499905129814,ncEJCtargets
5,B11,SYBR,SRSF3_NOR,HEK_SMG1i_5,18.9618055911987,ncEJCtargets
5,B12,SYBR,SRSF3_NOR,HEK_SMG1i_5,18.959905683481,ncEJCtargets
5,C01,SYBR,SRSF3_PTC,HEK_DMSO_4,20.1123893184073,ncEJCtargets
5,C02,SYBR,SRSF3_PTC,HEK_DMSO_4,20.2153431053301,ncEJCtargets
5,C03,SYBR,SRSF3_PTC,HEK_DMSO_4,20.0897951201931,ncEJCtargets
5,C04,SYBR,SRSF3_PTC,HEK_DMSO_5,20.1784893074146,ncEJCtargets
5,C05,SYBR,SRSF3_PTC,HEK_DMSO_5,20.2259782696627,ncEJCtargets
5,C06,SYBR,SRSF3_PTC,HEK_DMSO_5,20.1983299042186,ncEJCtargets
5,C07,SYBR,SRSF3_PTC,HEK_SMG1i_4,18.1879713174613,ncEJCtargets
5,C08,SYBR,SRSF3_PTC,HEK_SMG1i_4,18.1671642387198,ncEJCtargets
5,C09,SYBR,SRSF3_PTC,HEK_SMG1i_4,18.0406285413632,ncEJCtargets
5,C10,SYBR,SRSF3_PTC,HEK_SMG1i_5,18.147451790638,ncEJCtargets
5,C11,SYBR,SRSF3_PTC,HEK_SMG1i_5,18.1085975909043,ncEJCtargets
5,C12,SYBR,SRSF3_PTC,HEK_SMG1i_5,18.017183295480802,ncEJCtargets
5,D01,SYBR,BRD2,HEK_DMSO_4,16.1053802932567,ncEJCtargets
5,D02,SYBR,BRD2,HEK_DMSO_4,16.0758670183663,ncEJCtargets
5,D03,SYBR,BRD2,HEK_DMSO_4,16.0644640942028,ncEJCtargets
5,D04,SYBR,BRD2,HEK_DMSO_5,16.0325834720962,ncEJCtargets
5,D05,SYBR,BRD2,HEK_DMSO_5,16.2290276229966,ncEJCtargets
5,D06,SYBR,BRD2,HEK_DMSO_5,16.3174129594496,ncEJCtargets
5,D07,SYBR,BRD2,HEK_SMG1i_4,14.6680110415661,ncEJCtargets
5,D08,SYBR,BRD2,HEK_SMG1i_4,14.6007760712413,ncEJCtargets
5,D09,SYBR,BRD2,HEK_SMG1i_4,14.7249934832139,ncEJCtargets
5,D10,SYBR,BRD2,HEK_SMG1i_5,14.8323619196296,ncEJCtargets
5,D11,SYBR,BRD2,HEK_SMG1i_5,14.9433400732495,ncEJCtargets
5,D12,SYBR,BRD2,HEK_SMG1i_5,14.5321647366736,ncEJCtargets
5,E01,SYBR,CAPN1,HEK_DMSO_4,21.6738715673822,ncEJCtargets
5,E02,SYBR,CAPN1,HEK_DMSO_4,21.7986145171221,ncEJCtargets
5,E03,SYBR,CAPN1,HEK_DMSO_4,21.8542412571827,ncEJCtargets
5,E04,SYBR,CAPN1,HEK_DMSO_5,21.7308490568441,ncEJCtargets
5,E05,SYBR,CAPN1,HEK_DMSO_5,21.8434119139149,ncEJCtargets
5,E06,SYBR,CAPN1,HEK_DMSO_5,21.9010651354784,ncEJCtargets
5,E07,SYBR,CAPN1,HEK_SMG1i_4,21.8237251039522,ncEJCtargets
5,E08,SYBR,CAPN1,HEK_SMG1i_4,21.8452288800048,ncEJCtargets
5,E09,SYBR,CAPN1,HEK_SMG1i_4,21.8057262582031,ncEJCtargets
5,E10,SYBR,CAPN1,HEK_SMG1i_5,21.9071328357026,ncEJCtargets
5,E11,SYBR,CAPN1,HEK_SMG1i_5,21.9194552824513,ncEJCtargets
5,E12,SYBR,CAPN1,HEK_SMG1i_5,21.8079630570633,ncEJCtargets
5,F01,SYBR,DAZAP1,HEK_DMSO_4,16.9157166952677,ncEJCtargets
5,F02,SYBR,DAZAP1,HEK_DMSO_4,17.0156385754877,ncEJCtargets
5,F03,SYBR,DAZAP1,HEK_DMSO_4,16.96205975154,ncEJCtargets
5,F04,SYBR,DAZAP1,HEK_DMSO_5,16.9423807760479,ncEJCtargets
5,F05,SYBR,DAZAP1,HEK_DMSO_5,17.0248748654851,ncEJCtargets
5,F06,SYBR,DAZAP1,HEK_DMSO_5,17.047626268706,ncEJCtargets
5,F07,SYBR,DAZAP1,HEK_SMG1i_4,17.2975010519222,ncEJCtargets
5,F08,SYBR,DAZAP1,HEK_SMG1i_4,17.2891227249623,ncEJCtargets
5,F09,SYBR,DAZAP1,HEK_SMG1i_4,17.2348514767398,ncEJCtargets
5,F10,SYBR,DAZAP1,HEK_SMG1i_5,17.4570255910347,ncEJCtargets
5,F11,SYBR,DAZAP1,HEK_SMG1i_5,17.3700356163259,ncEJCtargets
5,F12,SYBR,DAZAP1,HEK_SMG1i_5,17.2912914693494,ncEJCtargets
5,G01,SYBR,EIF4G1,HEK_DMSO_4,17.190258112947,ncEJCtargets
5,G02,SYBR,EIF4G1,HEK_DMSO_4,17.3319539801141,ncEJCtargets
5,G03,SYBR,EIF4G1,HEK_DMSO_4,17.3234770803855,ncEJCtargets
5,G04,SYBR,EIF4G1,HEK_DMSO_5,17.4349718013947,ncEJCtargets
5,G05,SYBR,EIF4G1,HEK_DMSO_5,17.5787408648917,ncEJCtargets
5,G06,SYBR,EIF4G1,HEK_DMSO_5,17.5630660297541,ncEJCtargets
5,G07,SYBR,EIF4G1,HEK_SMG1i_4,17.9044515506977,ncEJCtargets
5,G08,SYBR,EIF4G1,HEK_SMG1i_4,17.8506653669472,ncEJCtargets
5,G09,SYBR,EIF4G1,HEK_SMG1i_4,17.9118120421539,ncEJCtargets
5,G10,SYBR,EIF4G1,HEK_SMG1i_5,17.7433289696826,ncEJCtargets
5,G11,SYBR,EIF4G1,HEK_SMG1i_5,17.7953642764609,ncEJCtargets
5,G12,SYBR,EIF4G1,HEK_SMG1i_5,17.8802199615449,ncEJCtargets
5,H01,SYBR,EPHA2,HEK_DMSO_4,21.6010995804123,ncEJCtargets
5,H02,SYBR,EPHA2,HEK_DMSO_4,21.7920195979096,ncEJCtargets
5,H03,SYBR,EPHA2,HEK_DMSO_4,21.7893292891943,ncEJCtargets
5,H04,SYBR,EPHA2,HEK_DMSO_5,21.6869672857786,ncEJCtargets
5,H05,SYBR,EPHA2,HEK_DMSO_5,21.7350894813953,ncEJCtargets
5,H06,SYBR,EPHA2,HEK_DMSO_5,21.7636179457033,ncEJCtargets
5,H07,SYBR,EPHA2,HEK_SMG1i_4,21.7120377930705,ncEJCtargets
5,H08,SYBR,EPHA2,HEK_SMG1i_4,21.7839148393895,ncEJCtargets
5,H09,SYBR,EPHA2,HEK_SMG1i_4,21.7562831708057,ncEJCtargets
5,H10,SYBR,EPHA2,HEK_SMG1i_5,21.8076670417493,ncEJCtargets
5,H11,SYBR,EPHA2,HEK_SMG1i_5,21.8059328045939,ncEJCtargets
5,H12,SYBR,EPHA2,HEK_SMG1i_5,21.75177812942,ncEJCtargets
6,A01,SYBR,FOXK1,HEK_DMSO_4,22.14595602051,ncEJCtargets
6,A02,SYBR,FOXK1,HEK_DMSO_4,22.4034413591685,ncEJCtargets
6,A03,SYBR,FOXK1,HEK_DMSO_4,22.5414253990531,ncEJCtargets
6,A04,SYBR,FOXK1,HEK_DMSO_5,22.6211546124396,ncEJCtargets
6,A05,SYBR,FOXK1,HEK_DMSO_5,22.7238856858017,ncEJCtargets
6,A06,SYBR,FOXK1,HEK_DMSO_5,22.7187400627155,ncEJCtargets
6,A07,SYBR,FOXK1,HEK_SMG1i_4,22.219683974467898,ncEJCtargets
6,A08,SYBR,FOXK1,HEK_SMG1i_4,22.325856187234,ncEJCtargets
6,A09,SYBR,FOXK1,HEK_SMG1i_4,22.5293619722362,ncEJCtargets
6,A10,SYBR,FOXK1,HEK_SMG1i_5,22.3119412417017,ncEJCtargets
6,A11,SYBR,FOXK1,HEK_SMG1i_5,22.2466321690383,ncEJCtargets
6,A12,SYBR,FOXK1,HEK_SMG1i_5,22.018334384853,ncEJCtargets
6,B01,SYBR,MAPK3,HEK_DMSO_4,19.9964039273525,ncEJCtargets
6,B02,SYBR,MAPK3,HEK_DMSO_4,20.0398659086977,ncEJCtargets
6,B03,SYBR,MAPK3,HEK_DMSO_4,20.0277970303313,ncEJCtargets
6,B04,SYBR,MAPK3,HEK_DMSO_5,19.9720177396569,ncEJCtargets
6,B05,SYBR,MAPK3,HEK_DMSO_5,20.0936585349399,ncEJCtargets
6,B06,SYBR,MAPK3,HEK_DMSO_5,20.1447268293116,ncEJCtargets
6,B07,SYBR,MAPK3,HEK_SMG1i_4,19.8634359644131,ncEJCtargets
6,B08,SYBR,MAPK3,HEK_SMG1i_4,19.7990233514944,ncEJCtargets
6,B09,SYBR,MAPK3,HEK_SMG1i_4,19.852786713354,ncEJCtargets
6,B10,SYBR,MAPK3,HEK_SMG1i_5,19.760122838517,ncEJCtargets
6,B11,SYBR,MAPK3,HEK_SMG1i_5,19.7664023770852,ncEJCtargets
6,B12,SYBR,MAPK3,HEK_SMG1i_5,19.7404183119469,ncEJCtargets
6,C01,SYBR,MYH9,HEK_DMSO_4,21.4873756153053,ncEJCtargets
6,C02,SYBR,MYH9,HEK_DMSO_4,21.9438210929042,ncEJCtargets
6,C03,SYBR,MYH9,HEK_DMSO_4,21.8674813754906,ncEJCtargets
6,C04,SYBR,MYH9,HEK_DMSO_5,21.7568082243535,ncEJCtargets
6,C05,SYBR,MYH9,HEK_DMSO_5,21.848139809046,ncEJCtargets
6,C06,SYBR,MYH9,HEK_DMSO_5,21.9898092596017,ncEJCtargets
6,C07,SYBR,MYH9,HEK_SMG1i_4,21.6146576388589,ncEJCtargets
6,C08,SYBR,MYH9,HEK_SMG1i_4,21.5599212854099,ncEJCtargets
6,C09,SYBR,MYH9,HEK_SMG1i_4,21.8087300758419,ncEJCtargets
6,C10,SYBR,MYH9,HEK_SMG1i_5,21.8243395566061,ncEJCtargets
6,C11,SYBR,MYH9,HEK_SMG1i_5,21.5920916584199,ncEJCtargets
6,C12,SYBR,MYH9,HEK_SMG1i_5,21.208517381821,ncEJCtargets
6,D01,SYBR,SLC7A5,HEK_DMSO_4,21.0806034516853,ncEJCtargets
6,D02,SYBR,SLC7A5,HEK_DMSO_4,21.0781023248066,ncEJCtargets
6,D03,SYBR,SLC7A5,HEK_DMSO_4,21.1136548429181,ncEJCtargets
6,D04,SYBR,SLC7A5,HEK_DMSO_5,21.1056137842686,ncEJCtargets
6,D05,SYBR,SLC7A5,HEK_DMSO_5,21.1864313465596,ncEJCtargets
6,D06,SYBR,SLC7A5,HEK_DMSO_5,21.2835013366794,ncEJCtargets
6,D07,SYBR,SLC7A5,HEK_SMG1i_4,20.0611484924078,ncEJCtargets
6,D08,SYBR,SLC7A5,HEK_SMG1i_4,19.9945497271958,ncEJCtargets
6,D09,SYBR,SLC7A5,HEK_SMG1i_4,20.0868073930228,ncEJCtargets
6,D10,SYBR,SLC7A5,HEK_SMG1i_5,20.0688239662165,ncEJCtargets
6,D11,SYBR,SLC7A5,HEK_SMG1i_5,20.0127807090293,ncEJCtargets
6,D12,SYBR,SLC7A5,HEK_SMG1i_5,19.9271426773239,ncEJCtargets
6,E01,SYBR,USF2,HEK_DMSO_4,18.5703124734343,ncEJCtargets
6,E02,SYBR,USF2,HEK_DMSO_4,18.5297210876975,ncEJCtargets
6,E03,SYBR,USF2,HEK_DMSO_4,18.4147311850937,ncEJCtargets
6,E04,SYBR,USF2,HEK_DMSO_5,18.3391392421246,ncEJCtargets
6,E05,SYBR,USF2,HEK_DMSO_5,18.4777989584641,ncEJCtargets
6,E06,SYBR,USF2,HEK_DMSO_5,18.5010585797427,ncEJCtargets
6,E07,SYBR,USF2,HEK_SMG1i_4,18.8437452366739,ncEJCtargets
6,E08,SYBR,USF2,HEK_SMG1i_4,18.7099681782794,ncEJCtargets
6,E09,SYBR,USF2,HEK_SMG1i_4,18.8108206252732,ncEJCtargets
6,E10,SYBR,USF2,HEK_SMG1i_5,18.7437630201152,ncEJCtargets
6,E11,SYBR,USF2,HEK_SMG1i_5,18.801929801835,ncEJCtargets
6,E12,SYBR,USF2,HEK_SMG1i_5,18.8094686578192,ncEJCtargets
6,F01,SYBR,DYNC1H1,HEK_DMSO_4,19.5424467315043,ncEJCtargets
6,F02,SYBR,DYNC1H1,HEK_DMSO_4,19.5836149954895,ncEJCtargets
6,F03,SYBR,DYNC1H1,HEK_DMSO_4,19.5292503055629,ncEJCtargets
6,F04,SYBR,DYNC1H1,HEK_DMSO_5,19.4370256132963,ncEJCtargets
6,F05,SYBR,DYNC1H1,HEK_DMSO_5,19.5639569154663,ncEJCtargets
6,F06,SYBR,DYNC1H1,HEK_DMSO_5,19.6584507475377,ncEJCtargets
6,F07,SYBR,DYNC1H1,HEK_SMG1i_4,18.9499122522757,ncEJCtargets
6,F08,SYBR,DYNC1H1,HEK_SMG1i_4,18.8442843438379,ncEJCtargets
6,F09,SYBR,DYNC1H1,HEK_SMG1i_4,19.0316165287297,ncEJCtargets
6,F10,SYBR,DYNC1H1,HEK_SMG1i_5,19.0793498876625,ncEJCtargets
6,F11,SYBR,DYNC1H1,HEK_SMG1i_5,19.1242175141945,ncEJCtargets
6,F12,SYBR,DYNC1H1,HEK_SMG1i_5,18.897321265316,ncEJCtargets
6,G01,SYBR,FNBP4,HEK_DMSO_4,20.1134354821547,ncEJCtargets
6,G02,SYBR,FNBP4,HEK_DMSO_4,20.1372758508838,ncEJCtargets
6,G03,SYBR,FNBP4,HEK_DMSO_4,20.1621652487531,ncEJCtargets
6,G04,SYBR,FNBP4,HEK_DMSO_5,20.0581046654765,ncEJCtargets
6,G05,SYBR,FNBP4,HEK_DMSO_5,20.1319544473372,ncEJCtargets
6,G06,SYBR,FNBP4,HEK_DMSO_5,20.1817863384105,ncEJCtargets
6,G07,SYBR,FNBP4,HEK_SMG1i_4,18.9086061130675,ncEJCtargets
6,G08,SYBR,FNBP4,HEK_SMG1i_4,18.7870804494779,ncEJCtargets
6,G09,SYBR,FNBP4,HEK_SMG1i_4,18.8381603839159,ncEJCtargets
6,G10,SYBR,FNBP4,HEK_SMG1i_5,18.8726101296402,ncEJCtargets
6,G11,SYBR,FNBP4,HEK_SMG1i_5,18.8737439652689,ncEJCtargets
6,G12,SYBR,FNBP4,HEK_SMG1i_5,18.6694152169746,ncEJCtargets
6,H01,SYBR,PCNT,HEK_DMSO_4,20.8351911611452,ncEJCtargets
6,H02,SYBR,PCNT,HEK_DMSO_4,20.9554049494549,ncEJCtargets
6,H03,SYBR,PCNT,HEK_DMSO_4,21.0368431357374,ncEJCtargets
6,H04,SYBR,PCNT,HEK_DMSO_5,20.9735065618516,ncEJCtargets
6,H05,SYBR,PCNT,HEK_DMSO_5,21.1158857489125,ncEJCtargets
6,H06,SYBR,PCNT,HEK_DMSO_5,21.0519574374516,ncEJCtargets
6,H07,SYBR,PCNT,HEK_SMG1i_4,20.1108484616312,ncEJCtargets
6,H08,SYBR,PCNT,HEK_SMG1i_4,20.1043675965478,ncEJCtargets
6,H09,SYBR,PCNT,HEK_SMG1i_4,20.1471281821178,ncEJCtargets
6,H10,SYBR,PCNT,HEK_SMG1i_5,20.2829868620958,ncEJCtargets
6,H11,SYBR,PCNT,HEK_SMG1i_5,20.1902019047032,ncEJCtargets
6,H12,SYBR,PCNT,HEK_SMG1i_5,19.9959511216221,ncEJCtargets
7,A01,SYBR,ACTB,HEK_DMSO_6,14.96342314,ncEJCtargets
7,A02,SYBR,ACTB,HEK_DMSO_6,14.95908058,ncEJCtargets
7,A03,SYBR,ACTB,HEK_DMSO_6,14.94506514,ncEJCtargets
7,A04,SYBR,DYNC1H1,HEK_DMSO_6,19.8875819,ncEJCtargets
7,A05,SYBR,DYNC1H1,HEK_DMSO_6,19.86587974,ncEJCtargets
7,A06,SYBR,DYNC1H1,HEK_DMSO_6,19.7898291,ncEJCtargets
7,A07,SYBR,FNBP4,HEK_DMSO_6,20.36898447,ncEJCtargets
7,A08,SYBR,FNBP4,HEK_DMSO_6,20.32432354,ncEJCtargets
7,A09,SYBR,FNBP4,HEK_DMSO_6,20.26525701,ncEJCtargets
7,A10,SYBR,PCNT,HEK_DMSO_6,20.87296046,ncEJCtargets
7,A11,SYBR,PCNT,HEK_DMSO_6,20.82094506,ncEJCtargets
7,A12,SYBR,PCNT,HEK_DMSO_6,20.87513766,ncEJCtargets
7,B01,SYBR,ACTB,HEK_SMG1i_6,15.49054817,ncEJCtargets
7,B02,SYBR,ACTB,HEK_SMG1i_6,15.54809265,ncEJCtargets
7,B03,SYBR,ACTB,HEK_SMG1i_6,15.56089981,ncEJCtargets
7,B04,SYBR,DYNC1H1,HEK_SMG1i_6,19.69843836,ncEJCtargets
7,B05,SYBR,DYNC1H1,HEK_SMG1i_6,19.5903762,ncEJCtargets
7,B06,SYBR,DYNC1H1,HEK_SMG1i_6,19.64896147,ncEJCtargets
7,B07,SYBR,FNBP4,HEK_SMG1i_6,18.84623733,ncEJCtargets
7,B08,SYBR,FNBP4,HEK_SMG1i_6,18.82012263,ncEJCtargets
7,B09,SYBR,FNBP4,HEK_SMG1i_6,18.83423395,ncEJCtargets
7,B10,SYBR,PCNT,HEK_SMG1i_6,20.25018187,ncEJCtargets
7,B11,SYBR,PCNT,HEK_SMG1i_6,20.26349201,ncEJCtargets
7,B12,SYBR,PCNT,HEK_SMG1i_6,20.16896203,ncEJCtargets
7,C01,SYBR,ACTB,HEK_DMSO_7,15.01817525,ncEJCtargets
7,C02,SYBR,ACTB,HEK_DMSO_7,14.95442118,ncEJCtargets
7,C03,SYBR,ACTB,HEK_DMSO_7,14.98739932,ncEJCtargets
7,C04,SYBR,DYNC1H1,HEK_DMSO_7,19.87907279,ncEJCtargets
7,C05,SYBR,DYNC1H1,HEK_DMSO_7,19.88951521,ncEJCtargets
7,C06,SYBR,DYNC1H1,HEK_DMSO_7,19.88668541,ncEJCtargets
7,C07,SYBR,FNBP4,HEK_DMSO_7,20.40028161,ncEJCtargets
7,C08,SYBR,FNBP4,HEK_DMSO_7,20.50126501,ncEJCtargets
7,C09,SYBR,FNBP4,HEK_DMSO_7,20.39210333,ncEJCtargets
7,C10,SYBR,PCNT,HEK_DMSO_7,21.13656466,ncEJCtargets
7,C11,SYBR,PCNT,HEK_DMSO_7,20.94881301,ncEJCtargets
7,C12,SYBR,PCNT,HEK_DMSO_7,20.92658173,ncEJCtargets
7,D01,SYBR,ACTB,HEK_SMG1i_7,15.54998571,ncEJCtargets
7,D02,SYBR,ACTB,HEK_SMG1i_7,15.57296162,ncEJCtargets
7,D03,SYBR,ACTB,HEK_SMG1i_7,15.40356514,ncEJCtargets
7,D04,SYBR,DYNC1H1,HEK_SMG1i_7,19.5768381,ncEJCtargets
7,D05,SYBR,DYNC1H1,HEK_SMG1i_7,19.60888465,ncEJCtargets
7,D06,SYBR,DYNC1H1,HEK_SMG1i_7,19.62680361,ncEJCtargets
7,D07,SYBR,FNBP4,HEK_SMG1i_7,18.84227703,ncEJCtargets
7,D08,SYBR,FNBP4,HEK_SMG1i_7,18.80337441,ncEJCtargets
7,D09,SYBR,FNBP4,HEK_SMG1i_7,18.81409643,ncEJCtargets
7,D10,SYBR,PCNT,HEK_SMG1i_7,20.30018657,ncEJCtargets
7,D11,SYBR,PCNT,HEK_SMG1i_7,20.23792466,ncEJCtargets
7,D12,SYBR,PCNT,HEK_SMG1i_7,20.21802914,ncEJCtargets
7,E01,SYBR,ACTB,HEK_DMSO_8,15.10896882,ncEJCtargets
7,E02,SYBR,ACTB,HEK_DMSO_8,15.04775779,ncEJCtargets
7,E03,SYBR,ACTB,HEK_DMSO_8,15.0906374,ncEJCtargets
7,E04,SYBR,DYNC1H1,HEK_DMSO_8,19.98357306,ncEJCtargets
7,E05,SYBR,DYNC1H1,HEK_DMSO_8,19.96179451,ncEJCtargets
7,E06,SYBR,DYNC1H1,HEK_DMSO_8,19.93327321,ncEJCtargets
7,E07,SYBR,FNBP4,HEK_DMSO_8,20.53516455,ncEJCtargets
7,E08,SYBR,FNBP4,HEK_DMSO_8,20.56561925,ncEJCtargets
7,E09,SYBR,FNBP4,HEK_DMSO_8,20.66247776,ncEJCtargets
7,E10,SYBR,PCNT,HEK_DMSO_8,21.17496407,ncEJCtargets
7,E11,SYBR,PCNT,HEK_DMSO_8,21.15239848,ncEJCtargets
7,E12,SYBR,PCNT,HEK_DMSO_8,21.07911958,ncEJCtargets
7,F01,SYBR,ACTB,HEK_SMG1i_8,15.78368802,ncEJCtargets
7,F02,SYBR,ACTB,HEK_SMG1i_8,15.86523555,ncEJCtargets
7,F03,SYBR,ACTB,HEK_SMG1i_8,15.78470996,ncEJCtargets
7,F04,SYBR,DYNC1H1,HEK_SMG1i_8,19.75242476,ncEJCtargets
7,F05,SYBR,DYNC1H1,HEK_SMG1i_8,19.75192183,ncEJCtargets
7,F06,SYBR,DYNC1H1,HEK_SMG1i_8,19.90003523,ncEJCtargets
7,F07,SYBR,FNBP4,HEK_SMG1i_8,18.88463931,ncEJCtargets
7,F08,SYBR,FNBP4,HEK_SMG1i_8,18.93124954,ncEJCtargets
7,F09,SYBR,FNBP4,HEK_SMG1i_8,18.83894852,ncEJCtargets
7,F10,SYBR,PCNT,HEK_SMG1i_8,20.62627161,ncEJCtargets
7,F11,SYBR,PCNT,HEK_SMG1i_8,20.61577919,ncEJCtargets
7,F12,SYBR,PCNT,HEK_SMG1i_8,20.37197644,ncEJCtargets
